,summonerId,summonerName,leaguePoints,rank,wins,losses,veteran,inactive,freshBlood
0,nQmCxdpSBab5zpzagEXPikov5SJWwsQyO_mwA4wP9gsuSFA,ye yu,580,I,291,272,False,False,False
1,8SMcwpDlbMiYWUuSoXBC3lOGaJrTg5B4OrMucd1ZBF38zumZ,Kenvi,745,I,71,49,False,False,True
2,s5DfOhl2rXgFgyfElaamg3Av7rddRXRWU5vblzIyqa1g86g,TrickyMagics,723,I,346,313,False,False,False
3,vjKelU8TBFDwy9SKRxnpwEmxALaj1pIaMK0AeWlb-fhsV9PN,UM1 Kokushibo,535,I,152,114,False,False,True
4,OgISSDM6L5eCY_FA6zbjhoXodIil66TYMU4PrxwjqqiEkGZM,Leon Edwards,640,I,453,425,True,False,False
5,mMUPYJlyb0RPVQNF7pvhKye3ITpM6ea9N3e6wAqVFO3R-yE,asianknight,494,I,166,153,False,False,True
6,_aIcdrncpJKyRJeaqPaRakyFTqvVCtDUcK9CEUh3LyAudok,runling run,521,I,650,594,False,False,False
7,lX-p915ukuSLkb5ElJWTFnzxt2aSjgJiM6B_k7wOGjn3gbo,wardk1ng,566,I,800,748,True,False,False
8,A7ejc1-JRdQkfokFieIHtJ61XRTG0kqfpNtxjQpr6iS8f7eEjKGvl5V41Q,teeny dong,555,I,443,406,False,False,False
9,_u5bWbVh_JVNR-g_BkDOIw_1O893bF2fXV7Vmdc3-bSLr5w,Bobthebutton,505,I,174,134,False,False,True
10,5yNDsTxexGrhaP-ltOerQkfzbruwlBkNF2pmaRVn7wubFOo,Archmagus,566,I,186,163,False,False,False
11,A6rqZ54U8Fh0ITdm2nv8Ital4Judw9REWRqEyo4_1t9aY3OYbxuyLjSQwQ,Artorias X,799,I,961,918,False,False,True
12,ucT9z8NReJEJ47PBR7Dyd75GQGo8vMtGqb3EmkQtGRcFqTw,Ginô,496,I,371,344,False,False,True
13,D7TT1BoWazSQzpKZ8C0pxiXJu4-iP95i9l_nqaYqKCGxph0,Unawakened,592,I,303,288,False,False,True
14,EvXHYa07eHon_GpGo4dFiMYCRdOK3StQ7dgtLq1kIsj3Udy5zYhbdQxQsg,Minami7,781,I,284,235,False,False,False
15,zRhN103QI0shtOB71kBkAqtPBQzwx33es7d5rm1tTkwj6ik,Kazahana,692,I,157,137,True,False,False
16,dsfG8n9EbLIvG77ZbZbLOjkgQH9gldLv-0O9LWgZoKaenfk9RNldZ6O3kg,BAZOOKAPAN,678,I,400,375,False,False,False
17,R1OfU6RVjifOo1Neb6-e8Ffo8do20UCPZStW6jfFXGtIxMg,Sandflame,737,I,377,350,True,False,False
18,FJEUnlE0bIw1gjylBJpyWzZwwOW9U16p99cO0wiE7fFXZPw,Ortesia,616,I,123,101,False,False,False
19,HyOKgZRSt_rUKvTgvmWLXvKhQAdxARPCjQEn4qyy06KtJUvWLAZCQCxUIQ,Joseline,528,I,175,132,False,False,False
20,gnfwejjgx1GxyE4ShYOcc2UJtyS0s62OKxy9RLBlprVyZHE,Topablo,487,I,681,657,False,False,True
21,14p2D6pESsEN-kXj6ucBqd6-XFM1wKnnvF52DYbJ00lYuf0,Ke Ie,722,I,85,76,False,False,False
22,ByCuEk7fdjho-5VRx1-CyTUNNf7jjeZ1efn-krkZ0yciI9k,Solaria,746,I,315,280,False,False,True
23,NVGAFbdIWohPaF8x7yD8eMmEa19fOcNxAGSy1N0B54_scPA,raspykibbles,610,I,409,369,False,False,False
24,WvkkQ2LKncJdl10Ww9NXmTc8nwe2qitzia7qNc0NC3U4H2gys8QCOX2ryA,Dimitrylol,745,I,205,169,False,False,True
25,GN_kqZwfksz443RoJdti5SaRlGbSBGAA2NYqxVnkQ5J1lxk,HALAL MEAT,501,I,130,90,False,False,False
26,4xxT-mTrNqsBKD2GPf8SMKadedZjqOR3a3UDum5HNrVeE1s,SOLOQ POWERHOUSE,507,I,156,133,False,False,True
27,XmW9sDt9UXGe4BRtKyvsfEE7eAmBGmpV1daJ-_2IZVbfg6b5pkoW8ggo1Q,Lossom,552,I,116,92,False,False,False
28,p2qyQWrvNf_rHzg3YuuYzF7bxV8pbNCKHLKi3Q1uBXJON08,gemí,554,I,344,328,False,False,False
29,K4IoYXOGngbcNQKibmNYPqYhVsP3AJGvVHDGC_DaVV32Zzc,pulse,776,I,710,683,True,False,False
30,7YeNEe5zrfnMtvG9Tld9rwTWRnA0swLEafXzrAkpLVBSc8k,TwTv lol Wero,477,I,157,124,True,False,False
31,62CIFRY9q4hNy4GZmono8rRNBONaPe2MyljOPhupNZZFWWU,KennyNg,641,I,233,195,False,False,False
32,Ts11E9UNIbRTxylZUuyfivFKEBjUmSCI1Ntp0g6GvMZ4D1uvrIxiAMOEGw,Jpete des guish,623,I,182,151,False,False,False
33,BvOPVhV6zNMGah2zyO2bpRVn19_M451O31CT14aR3_itPIM,Calcifer,535,I,103,66,False,False,False
34,qyfXqSou0Lnt1QGhg36azFqg2nLJvGi3VSCLtcasWyUe2Dyv,its Barlo,572,I,469,431,True,False,False
35,PYR2V-_c3UP_RAJ7caB7EaKZfNZ88l9LDMQHFb2UcemBGiA,Kizeme,700,I,257,214,False,False,False
36,Vf1cxjmbJ-IQETNTpE4klZ8iWPmrUE4dBX0mc43M9RNzgNQ,9BKS505,596,I,269,199,False,False,False
37,CQzplgcgmOODzRhIxhzdrILtg4JeZyz7ZuQIyD1htOhIzgM,Nim Chimpsky,798,I,307,277,False,False,False
38,jMKSBMe6g8dWIVaFmoRGDt-k7opOyKdXIVnarAW8AqmzqEg,Vuckae,646,I,271,247,False,False,False
39,HUVlkePAGjlN0ar-ce2zrHC671Qtz8lDrH_ARwiaYvbIpBI_,Clarrisa,478,I,113,87,False,False,False
40,4m2qrp4C2KrEJ8sHqu_gD1iCmBMSxLz3siXwmpdsRaPxWI4,Busio3,646,I,293,273,False,False,False
41,UskmwSt2PMPAtIyCR1ESW6hvK_yNNiI5SYYtVACS-9Letp8,smebbintheshy,708,I,302,286,False,False,False
42,EOxVzf-pubrcTFJVx0CrxpiWpVnGOP40sbWiVsjVa8Vba-I,Miseviv,778,I,155,135,False,False,True
43,e5vKlfqbGzCX-0irIYrJjnwwCadTsJlSHxEkQvKfDpfiWEk,ilovepepsirock,816,I,229,196,False,False,True
44,jBAhuwfKgeaWENUVLVhTHS-sGUijYq5_L9BXgnoVn4BMpmA,Top12,750,I,168,145,True,False,False
45,ajbG4KP7rXJ33fgGjvCSaSVAclztf63N2uieK4petBECTN8,1PunchMan,500,I,247,215,False,False,True
46,a6loXPP9Wys5J511ZPKGKs7_LtFyqGe0X3kJBVWwyHhiFEU,UTbest Prof Luke,670,I,179,118,True,False,False
47,l1A4FPPJQGRLA82HRKwh4f6jEjpfA5hzyMAc9KVEcbHsBxA,Kind Jungle,628,I,348,327,False,False,False
48,xdt-W1Kic6MFuTP-FmtazRmaqGMYQ2dDAKU7usW5AnPF7_w,w45hed,761,I,198,167,False,False,True
49,JvE2-ucA-n2XGVDSoj_PNaxGFuSckFbOEKm-1bY49AZPkRQ,ttv Doglightning,660,I,222,202,True,False,False
50,t4q0n6pQ7M8cPj7EWnLuuLBmyrtm091TYI2tEBdrmTu4HU4,Kitzuo,716,I,594,571,True,False,False
51,Zg9XDlbhfxyMGN-N88XOkk6QKqr5LEHGWbmK1Vh7xAgIgncf,  A Frozen Titan,608,I,202,175,True,False,False
52,MIKYFFjHy6gfBNCIuP_9Z3y9obgDDHX-yoFl5qbBmosMggI,Marksboy,454,I,311,296,True,False,False
53,yIiPi94hZXYAPnYZpjdYDfWFL58aVcoF7pAx4HlKEenBdPI,Mârty,634,I,229,201,False,False,False
54,bsX-T5OuQF2OLHEn9ibe4xJ29mMeaLNr1z8ZqaDAuZ4KFqrJ4neFUXtr1Q,R7 Oddie,550,I,188,158,False,False,False
55,9Ry0KcOgkZVwZHQ1Iy_afC4yrWBcBukQznuZQrHXonVrzWWi9ABYbSAI8A,Taissight,537,I,133,100,False,False,False
56,GWBv2mYdpkGUwGSuWSEjjGAPLo7pvb0V0N3riQuPbyzPi9Y,TC porsche,604,I,207,190,False,False,False
57,bzx_qZYzNsEit-Q2MDcZoBxlOtEw5YNxlJFmbtWRjuQR86s,ControlMageEGirl,626,I,168,154,False,False,False
58,K6WMdA0kygKo6lTJLh6iyjSl4uyJ2wxx79XhocO3zbSUOqY,SaskioLoL TTV,757,I,183,123,False,False,False
59,x5rJJK8Xc0TMksFnCaarPFlbeFBrpl52YbWBsxk4yLhlb6jU_UwZZ0yVxA,waIm,721,I,70,40,False,False,True
60,_PFMEQY4Oyn9Bp4Td9tls9KOU0cEtXdK-FFRn6W7ZPD2dTFZ,Týrr,651,I,312,289,False,False,False
61,3feqhVO0lkxwW29ygAPJkzuXFZCalnWci-lGODbgBwKWd-A,mabigan,762,I,260,246,False,False,False
62,XphgKqmsjFU38-zod0XZacfTgiZ3HB_3ZrfQY5nIdsGpUUDUL4mfte7NrQ,nalamango,781,I,258,232,False,False,False
63,W7HZ-r92hQggxlAfUhMw00Q_5wZAhEgv3T-dbf1HaxI2S20,KiNG Nidhogg,683,I,532,512,True,False,False
64,DNkqzbaGaM27SoEXcUFoVIR1FQd_NaSfjn8mElbSdqGwEkc,Dotix,483,I,926,901,False,False,True
65,6M7vrhD2EfbBgIifLQwhJUbROKxEaKklkn7GVOoLezFeWu1s,Maruo Eiichiro,750,I,888,838,True,False,False
66,dhY67D3rABi_ZIoVCa9-dzMDHetJdcZ_NLAHuNJejxoEuTs,TRAFFl,555,I,328,313,False,False,False
67,yd0-Yo68DEpUX9bn8Czyok0l8UgJm0khwypKX4b8XWJNKXo,suffix,776,I,435,400,False,False,True
68,a-76SpPN_om9glPvlm9e9DZtudBe-sygaScO0vdIge8kOgU,rCadeKing,581,I,682,657,True,False,False
69,FIN0ucIlDoG8O1xZPHTY7tqI7LUcortypbal6tup6DGUccw,Hi Im xKito,559,I,158,128,False,False,False
70,3n0a4SjDDqXZnpQUv2MFC1Ix29mDnZF8CS3ROOXaijjOHW0,hi im ashleyyy,532,I,187,128,False,False,False
71,80h0bpWVe2E4zBTHtLPN078tCQTf9N9-JvBT9rrjCtHg4Rg,YoungFartBubbles,627,I,545,512,True,False,False
72,KsfHYErTjaAJhNMlKYSf9KRM8qjVgNrocjQkWAPEsGLqfgI,Spunom,837,I,434,398,False,False,False
73,_gorhNmcK84BUgVJr9dtKoYECbfv6Yyd7EbPD89kplIDnj0,AMT,638,I,204,160,False,False,False
74,ZHyAXnh9B8ocA6ccch-BhOXKj6uzjmcAVuN9skXtYmkyAe_k1zinzeRgyQ,yisen3,488,I,194,134,False,False,False
75,e7diVSiGsYJ0PMKZk18BvLJJFra80F3CFLxeTriXevk58jc,Spentcer,538,I,168,138,False,False,False
76,-9WGv5nteSSjDIx5kVqCj_ZnpLbCRCuaBMj-VXtxVpTB77fC,Nghtly,481,I,378,288,False,False,False
77,665z4_q1YGgHCVx2c_qH-wMh6pquLC_Cfu8TM416g0eJyzMpsVktCimhVw,DDenathor Twitch,792,I,252,200,False,False,False
78,BLMpywn0RiMEF_t21O2liLQpTmwu0QYKuTRegCeZL0SYLBHS,Alicopter GAP,741,I,224,196,True,False,False
79,wEY5YWVn8DZpilxIkIhPh0k2tbsNG-pqcA11hbrsoj-gr24,Leemo,704,I,328,302,True,False,False
80,erKh7CF7stE_iutr5BRiL4MtftwzW8zbV5CNf8UMkRvJ6Q0,Froggen,744,I,224,197,False,False,False
81,R_-Q29NPTpSdMrKIYjutB4a_uY7r1Hwz5E3Bmzmvuxr5AsU,TheBootyMasher,721,I,388,356,False,False,False
82,FF8LKMKlGOrHi32aP-4p8R_ClRqUtxEVWBSsLx32l75iVyA,Draven baka,756,I,741,704,False,False,True
83,4KuK6T6A6EJuJY8zhXpaBQ3VjAxVI0n8Y02YfgNxZWqt_Zs,Nerner,518,I,72,62,False,False,False
84,pmzm12sHt-2FOqhHMF3YLvLlrtWyScFb4qiVOPxszYSK22o,Honor Sona Carry,654,I,418,388,False,False,False
85,e27AopKzkNrBkFxWsn6RRhgC9jZC5KphhnPIbQlVtCYdiJU,Fole,633,I,297,273,False,False,False
86,6lxjLolX7f3r4uNgOwH0HhGpBdPeeixDwZqUkn5qmO94tQhAx8mj9jxofg,wdl,571,I,190,145,False,False,True
87,hHGEk_RXmtCUEreili_Z_MNKYxv1SHnvQVkQ-slHjITorTs,yeet yah,718,I,330,300,False,False,False
88,b9jGHNUKTT6VX1s1iVZSifMkqnp8XBZeRXr7DlvYp-XNO48,Ukrainian Strife,626,I,713,675,False,False,False
89,uPUjM2jlCfKiY7T-WvdMlkArdmYAUBglHhn4_uVwyMpVin0,Lopacinski,575,I,579,542,True,False,False
90,3x2xVxU-71ECBt-Qggaj9I0BYKqUAfP5aMHbzOB9cpi3fVM,Fioh,559,I,545,511,True,False,False
91,zFPi6s2ZOBmGF6n0jD5o84Dmante2gQNXr0MjqdBx_lYf_77,randompisslow97,493,I,583,574,False,False,False
92,k1VV5dasmy5prvWs_Z3labl_2b2XyGMb_V8MYNa_hYdOBEA,The Crazy Goose,626,I,320,297,True,False,False
93,lXBw-oD-6Y-IAdGl1CVhBm5Orq8X8ktTnpCzx6llKCA-E8c,Schoon,470,I,677,649,False,False,True
94,aVYp55QF3o1iLqyBZ961vALWxnq-bi57jOwq1UiRGaeKl6XH,CHADSTRIDE,503,I,140,123,True,False,False
95,SGNCmmFXgNkvBRvFUuB5TyI25CE_C92b3qK6YY19xQIe1n8,and it was so,737,I,277,248,False,False,False
96,O9RvAWHPo3Qzt4pKBLHw-mSpRxN7XTPMI2D2R-RH-TWF8F4,Hºº,590,I,218,186,False,False,False
97,zWgu4pxabo2iWcmlnUAt3tr8buhNqD2t87W6ABMsXxBJ30w,Klexo,677,I,488,450,True,False,False
98,xcpuRzGZCcPBpPmnPl7bTeMjg4uEKQ7B2-we_QDJyhCUDE0,Dr Carry Potter,537,I,563,416,False,False,True
99,9WCpyvBQbtJls9oxJrkCcmCzMCMdagwqyyQiIdY7PlLhstIT,QSEN,770,I,111,95,False,False,False
100,U6wGHqjBuoZC5_oeAPpvjTPiJ0DubJ2Ug_YksdNy36ruU8U,TOUTOUCHE,550,I,348,324,False,False,False
101,GYMSKSpXBw2Jg8uwJRdJk2nku7ZSPHCPT9HjC7Gq1tM_9Ws,Edispaghetti,612,I,185,159,False,False,False
102,kHPNsO4Vh5zhG4U9XnFOFx3JcghoK5rfE9WqJ5IaslZTrf3qiBIzX7eogw,Ltapodsi,551,I,228,176,False,False,True
103,e66sKVCTuagnord11AtYc-gmBO1WoaQxMRNPZIAQL5nnImYL,Bellydrum,679,I,560,525,True,False,False
104,wVVyAYrLPRUwRCzs9jYYd9XjcgyBA4wzhWsbdtGbHMG6uRw,LeGrosMax,520,I,215,184,False,False,False
105,0w2mBheeMQS1YLUh3Jp0_My2boQvbxAWxninat0M8hAzR4M,Berik,739,I,290,269,False,False,True
106,mWQpi-BKDWzL5k8EqKANQacnMBNDw3IJigkqNEnvIhCzo7hn,Timescrollnom,746,I,129,98,True,False,False
107,aNGKL57ZBG4RIlIcSEbsTlNsRUMuDpGUMny3FnqI1q1WkPA,ttv DevUnikorn,600,I,528,506,True,False,False
108,Om11gJLp4_OvpOBjkfTyCwBuxvoK4uG4rJGYY7ehlo-JXh4,USC Inferno,473,I,445,423,False,False,True
109,ycGJueMOPMc5B4_HTsCh_t1zND_IxP-2Rqj9UVdmYecu1OI,MrBrobo,573,I,271,252,False,False,False
110,GmqU1Gd10Qf9poe1RsIfWDn_qUOGVceDGobir57M_RDbaEo,DREAMER POOP,470,I,258,187,False,False,False
111,wLmvAsyL52r6SELrKzIN7-MqObzGujo4hWqOskw5KD-4AziO,shordy,554,I,376,290,False,False,False
112,BwCcCjKkSoVRwyfzToOIJUcQfy-MdDuXhS13K9nWJFgjvOtW,ikeai,593,I,69,61,False,False,False
113,AB6tDBYPt_4g_a3vZhL-N3PScqamOTbCsW3DMW5bNXKF18s,iybc9o2 q,452,I,774,759,False,False,True
114,rHc8-4WcW6eQAFt0Nc_oAFBCS2Q9gU3De4dYexk6Xsy3pRk,MaRiTiMuS,474,I,264,254,True,False,False
115,tN9-ShhKgJhJKlolDbNS7pT2GtzhphG94arv6PSbT-wtjuB6EU-cxoJk5g,shuolezaijian,482,I,121,85,False,False,True
116,k_2TQbo4FslZREYhoc33mJXrfM8AB7e3icLzZdSMYCixj1Q,metalhydra273,713,I,109,84,False,False,False
117,S5XFvWls09N8CGPhYC6uwa1nxpqit6I-ABxvTC-nBOb9LW2m,King Dantes,516,I,178,186,False,False,False
118,xc3jE2C1AiOpR5JEI4EKA2Wsv-OOddv1QGgGHxugXxVBBUc,MushroomSteak,663,I,217,188,False,False,False
119,HSO97f2sDY3CtKtSZkLOnrfWuiton7aTL5oRU5wU8e9nnMg,Diuuuuuuuuuuuuuu,746,I,253,224,False,False,False
120,2UGHa_woZ9kMhrF5_RyQsHTsP7Qrc9AZjIpUOcwHsZF24IXQAywPs-8xTQ,The Pulbarizer,783,I,250,220,False,False,True
121,sxthEkKriDc-KLPPOrjXbJWxFwhHucYIsELD5t6C1oHKmSI,MephistopheIes,744,I,278,257,False,False,False
122,WWKcm-TDUKB-KUh7c5NJcz5qmcMiRH2RmFGnx_sQqzvuGn8, Sudzzi,800,I,209,178,False,False,False
123,GwDAmtmqkTlCxHATzfFIhKN-HbvNyJxdH20nXJDY8Lzu2Vs,Swiftzzz,724,I,240,210,False,False,False
124,FnNS2VWXkv_MM2e_KC8fgwGFXvE1JCCMEBdtx00Rki7m6db9co7BE6IM4w,Mofflie,589,I,107,77,False,False,False
125,TPJF7xFcvv4DRggitmwhwZuJA-Rp_ygYBOvOqDX7p9SPFc72,ped0  game XDD,758,I,101,50,False,False,True
126,rhFGko-Y8VmipA-MpCNE51mNqzygd778Aw0_VDucwRwyD78BYIfL5bEo4g,NebuIa,859,I,705,641,False,False,False
127,htbJJ3OnY18S8NTsbaZkIdQB-KS-pe_pYWITPPjtmg_j7lA,zpy,679,I,175,150,False,False,False
128,VMhiQYRpcGAGLB1UilI78SOLGwZkJQFjRiWpJxp5XINwXoGuK7VEGQd0Xw,Fanatiik4,821,I,171,142,False,False,False
129,g5WFhsxQKdEfWGRx9m1YinQ0xOXc3jzrCXdj9mYKMdUb2WjauT_cN54dNw,Harmher,493,I,179,149,True,False,False
130,FCKPCDhDCJXH7TuOgTUDAS_UELNXaVlCsqnmNvgoXK55HO4,Just1,533,I,188,174,False,False,False
131,4zcmb_i_bmKovrW5MjUnS7Mo7I_oDeZTX168MSsdZsAljxg,Aicaid,712,I,525,488,True,False,False
132,4HmMjYKwRUwoJLLbGWcuhEpzIgI6eI82Y3etVMhKaXPeZbc,Skki,485,I,198,173,False,False,True
133,SRqorTkvvTgj31PB_jqdqINQ_zIAXIzuqzpa3F5Eki3TPuo,Subaru Natsuki,696,I,347,321,True,False,False
134,OZj6JaZLfqbHP-1Qaj4-bn5ckXqbZq5uuuS5S-Lyv3i_7FuG0llmVcsujQ,Andromeda69,738,I,516,479,False,False,False
135,1I2T6hG6w7nO9Nq31aZUVAZsF6dGg8DNMURrwzN0qlmmwdk,TheBroFist,779,I,110,70,False,False,False
136,I1q3ifEbUodHBM-lBdNx0w70VMEMpf4FLGZK9cxeqBMw-UhJr09n52nIgw,Pulbarizer Fan,803,I,158,120,False,False,False
137,0NPlpagw73b-5xLKNPnG65R8zprSz8uI3f9Q9dYC0XwjwvM,Can1ne,463,I,357,343,True,False,False
138,HPMginlURZC-_a8IybXtUZs58nudoECY-n1gu3qv_in1avvBHJj45HtErQ,kamikakushi,582,I,186,123,False,False,True
139,Dd8AD3HVS_7oyb0n3xnkmMpI88NngWam5cTIeKOCri_4-0w,Tentakai,599,I,416,396,False,False,False
140,I21BdzSBJ51sRMpKXFPANrB65SIwV2kh33ndwiGyNQiWNEGa,Euluca,635,I,249,231,True,False,False
141,nQZmgTCjEn9jk5yPF1oBQtiWDUcnH3lRojVOJVybaueMCyE,Stollie,485,I,251,231,False,False,True
142,9oQ_zeo-ETrgi88-h9vRBtk7d9uENnaGJ6qX1N-xuk_QSd0H,EIated,706,I,392,357,True,False,False
143,CiGheaRHukR4i7smQFq6pVRgvpu7ZS--cn4p2y5Ra_W8ga8,Gojo Wakana,597,I,686,651,False,False,False
144,eVhUJ1mxM9hIe88IQUKMvFIEf63PHEAvMDeT9Eztjcd9Jco,Eric Wei,560,I,137,128,True,False,False
145,Afjvy6K3a-ja2WcJPjicgDpnD8NyXIBwBv7SWEMDGjJZBGHry9_KuhpTtQ,coronet,791,I,248,178,False,False,False
146,UmHREA-sxwMP4Yb3_YQzux7ZxW2gFwhopf1VpDdMmOj_CTg,plex123,520,I,270,237,False,False,True
147,JrvZ3VJX9vsP6aMU5Cz2_a1-tnwZERcoLRjsCu1LtJkUGSs,Acoldblazeolive,738,I,84,49,False,False,False
148,Ggs6yvCwarDI02m1DE39b0Rz0AqQOooqC8zWTD8SoLQsqNo,TTV SaskioLoL,686,I,203,169,False,False,False
149,4tEU-EGVM6tcg6HBn25nlAjcdjPF2Jf2P81994dkJsM_hmyN,TwitchTv Cupic,648,I,58,23,False,False,False
150,fdIuHDYR3VecqSy7hjaWixwP_PAsB4hdl7V5eMJwDPw9xXo,Gorhunter,512,I,226,190,False,False,False
151,zzPqGsMvtXliFzgml8AnkBH3qo4InbSx2c7A1vMG9UPSnRznCN2E0YfKDg,i wont Ieash,606,I,456,426,False,False,True
152,LRrUSMFbgN6JESlTGE2VnZrIfFMbvCFPIU7vIgJZDbcVaIs,Mobility,597,I,446,420,True,False,False
153,e5bVgTlKakJCV6XrSKzaWQyh2HVNczAaggqo1RuZGDs1DCU,Kendy lol ,628,I,333,312,True,False,False
154,8nuvLBhZqu3nhLcTIhUwJiiIAWRNnaEKXmidW08z1UHojMaxxO-mUtWrdQ,OkayMochi,538,I,116,76,False,False,False
155,YaVfJ-alvrFH7xhulpp1C8Tg6XtQQSmQlpOwAmJfOIgJVZA,Antcliff,672,I,309,287,False,False,False
156,Xi_fBdvCy8x1CNzARqvbrnepxlSZYXR5NB2jaLy3J6F1ggA,im risk,529,I,345,327,False,False,False
157,LVqOXpmDI6BXQWZIAdy9l5ZTmKma9vgdXzg5fVBskCBCi4c,Izateylon,838,I,480,447,False,False,True
158,L09xy0XRinryEzEwry7sgzOpNgOHH9KA7fiaAcEXwUE91tw,TWTV SaskioLoL,653,I,148,103,False,False,False
159,jbUXhgktouA2_tindeYQO7dhR_t1rG0wyC5PuMsBC2JrRi8,TymMio,628,I,604,583,True,False,False
160,nkdSGnIoQM3cLAWMx_38AguazKunvCD0TulFqAh5B_4G8iY,Intégrale,594,I,148,123,True,False,False
161,k1ZuNzxmx3gxTCPQUBfVALAntxbJ9Mm7BeoXNwFH2yIlULY,Consume Adapt,595,I,149,121,False,False,False
162,Gw5RD9XjRrAdrZn1_NEX3qxloBvW5j0BQosyA7KFKs4OTvI,Debraj,640,I,218,192,True,False,False
163,B8iU-jbF5n0BsaUxB7n2lvUpvKEtaktq8C1nNWadjxGSyeUY,better ad,483,I,206,161,False,False,True
164,FLTxVCqiAU1qjRrJtq50HE6l_13vdze5LYS_Z1I2FEHIBJ9k,Dęamon,492,I,395,369,False,False,True
165,k6n-wpZP59nKkUEDMY67iP-rV7pl9iTGHriGsu2M8nKfcSU,1v9 FRAT DOUCHE,773,I,282,222,False,False,False
166,GajFJpu1_uC3NGstGRGReBehgOB6btwORNo10GM2u85GyNU,no type anymore,752,I,386,317,True,False,False
167,jNW9hRyHGgNTzJ7mfN1lUbBFzafP7V-me5dY1ZM_tk7lyUE,Sunbob,522,I,302,277,False,False,False
168,fH5pwFTvqGgb2i9s0zM68ooKkpd_Isx2PP0Vd8dBnVj5nHk4W3Libk6DdQ,POGGGGGGGG,730,I,105,70,False,False,False
169,I_aZ6m51rwlJzjeYL_MIWRtItXcMMnjEJsgL1HZLKl6k7uk,4 Stars,563,I,78,52,False,False,False
170,83KyEtqi3-XG9G3NRgywWnfJ3L1brrQuL_0pCkHIr82Bme-LKKLJm5Wobg,winter games,696,I,112,76,False,False,False
171,vdRb6ztTuWuuYR1nvfoWKFpfHhGrTrNHVTtBrCDLhD6ocwM,step1v9,460,I,175,159,False,False,False
172,qVW5bZ3LB5z1tdfCfhm3Dd18kZq_LrcGb5w3BQKGivU5Jbmrp3zyIXWDgQ,MasKa,536,I,152,127,True,False,False
173,PEr7tQmtBCv2ZxibNE05sdiAScjr-HHy29NxVeFOOMKgdLQ,Adaptivity,484,I,434,418,False,False,True
174,dep2-rQTAYNhN9eD01LM7uc4LY4olzVxMVDELfOdn4a-Sz8ZuOnfWFNj2Q,Vivarium,702,I,204,170,True,False,False
175,OtnhpxLG7PMKcBRhbA2Xy1AS1CJlG3MFWUx8adNSjyqEahCL9v_cBjSHIw,skétch,657,I,124,126,False,False,False
176,cyBJRTUCzLXlr7ddnTTCY7GPE4-5Rdx9iFWkpOiMnY6hNTOg,Anticípation,488,I,465,460,True,False,False
177,2ms4_PmEU9nrFi-6Ze-6bPcHt2nGbuGcfYEeu3RzFO_Mr3_i,Gryffinn1,721,I,147,123,False,False,False
178,mFIizNbMTWiaCCMoice5nf-ncvE-bpzEKVtn7qMGNNQgyXg,rovex,588,I,275,264,True,False,False
179,RQts_zPtxdfdQ6OPu1QJkIiDzpgvymX3olGDyVl7vZhg5U4,Castle7,801,I,246,206,False,False,False
180,JvVfAaP4e5SprGKZMAmcZLBrfMyD_4Z68V5mOQbUfpCJfIE,StefStef Supreme,537,I,281,262,False,False,False
181,ImO7UGLufElwlbBmRjOpoB16kjccbGUAoh453AciV69z6BA,McKirby,492,I,168,141,False,False,False
182,n4gtr3oWwCDP1jvxi84AAp7wXxVZ3IER9cCforjydYhrQZVp,Tems fans,806,I,266,221,False,False,True
183,po3Ry8s0JmyFZlZZsvvRVdB19Ir7YAUuqcE5qnzh8M6iAwI,I Love Katharine,602,I,160,136,True,False,False
184,1oa3rESVJxYGLsPd6AA4bduv3GRf5ibmvrPmsvHVzVyYDymv,AK7,607,I,229,190,False,False,False
185,4zHO_x9EHhaehNt48nN99OriZ_D2T_ptrwFliToxiCu91PVn,Pastel Ahri,607,I,334,300,True,False,False
186,Vwit3efcU3PQqZZG9BVHUGqIjlJu2rkFgdS2132L_2nlSLs,BASED WineTime,501,I,989,963,True,False,False
187,gMdsRhcHkqPj8BA0LBR1oo5MPOPRsJwdYNl1DFPcju7ANEk,Leuk,490,I,191,159,False,False,False
188,1REHeckUs0IqyBIYMwXGDOx70W_qIWnaEK89ScBQb9OXHqU,duoqueen1,576,I,218,201,True,False,False
189,4aQovEHWmJU-Z0hm40WwtNuUVu5eq7xJ_30eYYgWDgE1Sac,checca,800,I,238,193,False,False,False
190,jO5UGAxNtCwZsLh533jIrvFpApv8KOtXzQBrVjL-v-hFEEX5vPQwqoeFmw,all over again 7,501,I,245,228,False,False,True
191,MQ71oLfSCx9ACrB7EejHrEfFX8olcT9nRUw47KB6bjYsTRs,GÓAT Of All Time,489,I,370,342,False,False,False
192,9GzmhFaowczEOVP9IDxdWdML3GMY5_0FYq2FZ8fG00g8hz9p,Garrett Meyerson,489,I,300,266,False,False,True
193,wmg9ktgAi53srOxbAkH6-PUl407TKzruEjPSXWtcEeBWjac,Danizzle,487,I,85,65,False,False,False
194,t6IpVlmYTyDcMcNmH9SJSvVtijB91NE3EU8safwfzLXXnUVjz10Mso4ffQ,WX HJJA002375,540,I,99,71,False,False,False
195,5GIHXzE9oxKuZ2Tm7exzZ9FFgbT36qpbIT3ZZX_MAzUWtdM9,A Storms Coming,732,I,122,93,True,False,False
196,wkD6rjfGP6mVeNW0OBjJZyD1Es5GqQhor7wEEyf9rJcJWQA,bunny simp,518,I,222,190,False,False,True
197,O6VnqmvU_UypPOMyErY4M9syAJzSAcksWXY73mj-pKx1DxnF,Sörde,719,I,170,136,False,False,False
198,ZMcEiIck30zzB8cs_1ZjM6Zs-1QKtvT2FILeWF6UVlcFWLI,Qoos,626,I,124,104,True,False,False
199,CHQBU39QqFfsgWJVcMdrJj7CMiMXqGw5IxqtXhvckVxNGC8,i mis u,680,I,470,452,False,False,False
200,JowBofAL0CH6mwkdsDDmX2pdIWFCmL92ehxVwaNqGk99PAW4,9-Jun,551,I,235,218,True,False,False
201,W6cqUzdyIbootqaJTK12QUrwPsYbw063qTyrenODwoYzA2Y,shuvi,518,I,234,210,False,False,False
202,7w3K6E-ze2vYiaoafr4TI9VCj7KFrIl7NyLwbDhVDVEU948,Joyami,567,I,477,454,False,False,False
203,0FhDuGAa4HNBSpNJTyHMSvkWTDVQh3nm9OHLZ6CEMrRE8x0,Resh,499,I,497,478,False,False,True
204,4-XTFB7e-uM0htE_ESfbbe-icgLa51EFjiugnnGDv9rm9rA,Ethiridis,692,I,376,357,False,False,True
205,Qa6Afj5Q64FZlba2rN-YkidqLKiH3JL7Okr5F5E--B8ZEeA,deathwalker222,692,I,388,356,False,False,False
206,c4nYgMx0MXPD_9rnteaW_gcVyDuB5eYecgZUuWlQasMr9N8,LastSeasonThxBye,529,I,337,312,False,False,False
207,CUicCcIptsV2vC7-Q1dxtcYo8uSracXU6PVNqIAZ64B_MJ0,AHº,787,I,383,333,False,False,False
208,r7CIUUqJoOJN723dHTmyN46RccVmr5qtiz1Qu04oLyH-TQk,emiwy,597,I,261,229,False,False,False
209,okpYcbtslNSsWOQuWRrV8YWRyUuNKDB-pew0rNo0Sa_yG9E,Soonchang,628,I,214,192,False,False,False
210,hdhSCSa-gRxDe1iE0-ZDCLGaCGMU7LyIKkUrz-4Ygdk7bFoi,TTVKingVeerChand,815,I,292,268,False,False,True
211,YGgmT0JRCkGjxRtJ2lnYzBF6D2aG-2uFrG-5VMlbAqaNPTk,The Lo,631,I,381,367,True,False,False
212,4veJi-yhcRIQXIBAo-Xn1dYZHB2W-BhWT9mnudNU-Y5pdMmA9TJroOCD0A,rank 1 mars,661,I,229,194,True,False,False
213,56ubdEvg0VCcXWnrAdiuxTraY6-ZGzgWQC0BMiBScsUX9AQ,Lawrencee,697,I,174,142,False,False,False
214,hWibDzKpO0zn9VALdubyPVJ8FM2z5oRZehkk3_SD0PMUvJw,Best Riven NA,805,I,161,116,False,False,False
215,JTyruVcPYNvwmMwKWXTlBz-6AP519k8V_LbDuKRmSlMWrR0,Steam Sale,795,I,300,269,False,False,True
216,Kh5LsptlR-EMxiAUFvc6fhoXeVbxz98J-_1c7Vk_-T-t0kg,IS THAT FEEDABOI,572,I,269,242,False,False,False
217,dsjrJ0heFWLhLEFjF5HXzOZMK15iANs9fm6to850lRpHoV8,Chase,507,I,302,272,False,False,False
218,IAbNNBI8HCR38PCb-oYuyPeq1Wr6IIioNDNFLEwg1v19P2Uc,Yang Myung,722,I,156,118,False,False,False
219,f7iBTCgaqw4HoTIrd5jMcuOGZWA7lCesxkRoL0uAvdOHy3A,l7l,706,I,508,450,False,False,True
220,nxz50S1oshGuKJWMsLNH8yYwgcy2CdwAYnrwdias8HFDg5Zkdqf7sDv3Fw,hotazy,762,I,361,339,False,False,True
221,myM00cRO38-c0Rm1W0E7qUf30Sv8GeOmiPEypdzacWGzviY,Convere,620,I,224,193,False,False,False
222,F1WpcmZxdv-MMU_ZCwq_i_c3F1-TsqEtFygUWwrZg3N6C20,CloudNguyen,631,I,1009,978,True,False,False
223,QIEVrHgiwxel2IlkmviwQg6XCoXV5OHM-Z1AHN7CJQevhv8,Miss Poggers,850,I,217,171,False,False,False
224,FsDUmgnyWdwor8h37XIEMDdz1fvmS9g5GSpNcPKzwqNKy9L8twX7YgUjUw,SIayer Supreme,484,I,162,150,True,False,False
225,6UQqHBGhIQxGfEUi3AdIQbCBLX9P5MtNrnYlnYazTGkHqb4,Ąstronäut,587,I,182,148,False,False,False
226,2g4Lkg_vzNmId6sPL7O2xUrQ2kp_QViHcs82RI1EOLLHWUA,99dog,685,I,119,108,True,False,False
227,8GgOci65yaNNxLr7Kvx862KJPHvEBiI_1_1vyO7MpRCSjbA,crazy poo sex,643,I,352,323,False,False,False
228,Wtvg69TLqn2vOVJt2tJtDPW3BntXI6iv5tuLFludcrpePPA,Dunksquad101,716,I,311,280,True,False,False
229,dmAiwWmykpoYMhKlCZpDhor90LSRPYuUXZbeo3f3MXPg2GcTGjViM8b4Ug,agorinas,683,I,237,216,True,False,False
230,QHz0xeB8S40YSPLJ2JmX_i5uvCGhQivWJdRgY0FyRocTpgYFCSrPwzLuYQ,Dam Supporters,526,I,108,71,False,False,True
231,Ra82mwKOB7pSakyvLlepJC9p2f6YBmq-_pE89k8fAKEDSOGPfFllhCZFxg,heng shao ye,556,I,243,215,False,False,True
232,3iNsFWysc1fkWNS3ra88pSkwor5vb3I6cp2oBPZB4V2NzTE,sandy pandy,523,I,107,76,False,False,True
233,SHnVPxh1ZqJMrgUw6XiJj4sZa1UxtuKmu90jwwjC0GcabZU,Cylainius,499,I,816,795,False,False,True
234,e16_6kwxxGbHwx_DCqaAI6LlOcLLZGSLTmcuNZxc-iRq5VU,TTV LaynxNA,481,I,204,182,False,False,True
235,ESB0SQ7Lgw8hMUtog4XfUg7KWyyrJKo2yERRFTUFUSUoV5M,naderfan888,723,I,196,146,False,False,False
236,BZk4fV4CknFJkaufummoneKRBp0TBQSLqFm8P4Yc7hVRxL0,Karl the Cactus,532,I,424,402,False,False,False
237,jN1aTB7crcXKCdf_HKOeSn8YZ2D-hpX2bhpULPYHt0uGhHG5DAp8GqNmiQ,aniv sup enjoyer,491,I,219,153,False,False,True
238,twFXNS2g1-NAyK_FDYRV8o_oYS2S1q1xb688GbGcVIs5qgBR,Fruit pudding,486,I,129,106,True,False,False
239,zjUmsCZFvH6PFPnARCIJReCJ-o7Tt9sjTpzhUEqNHNdBCrA,HAHAªºÐØXÃªºXDXD,553,I,116,93,False,False,False
240,ISZQgy4OtPxoUbfkivTHuotFyzmDw6LfLsdQ81Bz_PAH6NQ,Mario Sunshine,581,I,192,166,False,False,False
241,J4ak_tGh_KMgTu6T_uWZ0aIq-IwjpcA37YNmBA8aZCagMBPyYg0wENoacA,1092023,831,I,97,64,False,False,False
242,_zQ7hUOWDbJmj80VdCg5lu3Db1XxI8NkQmzDjtOrzAnQfe4,jamican banana,605,I,1093,1081,False,False,False
243,fbLjsan1HhFtKUYkrxBVILfBXkF8dCL09ZjqKrhtSm0MHyg,VULCAN10,739,I,138,110,False,False,False
244,aksk21MkMuv9EoWylie3ZpG-cHnFY9hvCuxGty5kLOxJhMNk,hi im oreki,541,I,121,100,False,False,False
245,1D_9UDGyV0sDqqqBHg-fUK6goM9srASaA95e8s5Jb0CqBn8,A D,772,I,117,91,False,False,False
246,gQx1hb6RvErdyBGCnJaSKiJFhtA_R8x-glD6ZTxaHja84S8,LoveSonaQvQ,573,I,181,156,True,False,False
247,C1Nkyk6hT00viZBTxa_d0qbpTnSNCTvG2ZlkAPCewVm5YZ4,toreshi,657,I,225,201,False,False,False
248,wY_1GmXJVwW7CW3jGXtE85xV13p_yaIAHDCMmG23vkhOmngRdovlybozGQ,EQon,554,I,380,354,True,False,False
249,HT0SgZT-E9zswSPb_82Nb2iOuuCJp_nYkWdXQWKkVrB_NWmvN5CCX8V2vA,Branqc27,762,I,136,83,False,False,False
250,6hxSy-69kNQWGOcnBxcYxuYEt5nXn-7MJLSFcdXox6PFWYU,Yann51300,485,I,348,318,False,False,True
251,G9akDG4KHveja9NvrL5cm4iff21kAIb4WPyt6SJn7MuI9qs,Edgymemerguy69,605,I,127,100,False,False,False
252,b3sv-dOEAMkii9HWcREDrhKl7Z2JTufEpSsuNFqHzU_IkN34,C9 Emilia,611,I,188,171,True,False,False
253,Qa3Mc-oumx9gOIOgY0-rPx4KIc8YI3XcexIhdjE4QKsKyN0,AlphaWolffy,513,I,541,499,True,False,False
254,sCxNch0CJkCgc7GvyBE9RH2-Sf_uuKFvP0bc85zbFyMvZjw,ComfortabIy Numb,572,I,138,105,False,False,True
255,0gZhUUuM9OYcNCBOqIjO59yizNTq171AhsSIedmQzWkeSmQ,StarRingChild,658,I,170,138,False,False,False
256,3QF_6upFgGmZpIKUtBS6jqBkfFQ5onDL0UpwNidiL89eoSUG,Asyc,692,I,496,470,False,False,True
257,oHLvryL4k0bbKHSY4v8QbBQ35hzOSP-LoKdZfzCKHpUjQDY,ysssy,813,I,316,251,False,False,True
258,JXr2Syb135DVnDGDTuZSFC7umDsFzGB6X3sgzw9iPoqjWag,Gerardo Ortiz,488,I,113,94,False,False,False
259,GwPqMFr6nIDNo-jERJWJWeIy3aWJbSEf-2ZMNSf6e6GNmzIyQyFxcHNdeA,Laserholic,585,I,109,101,False,False,False
260,K4ch0ZpxZAnucxmZx-dhB3sZ3L3miVEpEpX3mDWK5fotl3UtIvlI44zgTA,DefinitelyBadxD,484,I,244,220,False,False,True
261,2yzQ-GCY5S7eNIOKPLLbxIFe8uSs6XHFskb4LJSNvZModN0,GYMK1NG,622,I,206,185,True,False,False
262,0NMWvnUsyh2Y5dosTnEmzPov1a3I54ZN9W1wpiJaq5s0ISY,TSM Instinct,686,I,197,176,False,False,False
263,GhAN4a2n58GOY434GYwKed3NYuL1UHyupQZZTQKSVq7yq8EdNCRu2MVAUw,tsumi no saigo,663,I,506,495,False,False,False
264,dWzS_pPtNHGePHg1k2LVIgXxMcDTVM06ehGo_Vzi4Eccgmo,BoskETI,496,I,737,724,False,False,True
265,206WS8X_TNXekgdks5rZCJN-3beLRhWAcJkZfUimu1Ght8nM,Trigger Slinger,469,I,122,106,False,False,True
266,Au3TPYaw8-vxwfxfQLx0l3VJPu9T2EBJZ1lE7hL0nCwrAWuR,B1BAREL,568,I,427,406,True,False,False
267,5wAXTHwwX5qGRXj59-QCq1Vcfrt_iD52wQae3TT39AUUuIw,RHINOOOOOOOOOOOO,739,I,170,148,False,False,False
268,Hj4TRqHDBIkKENYdehcoqCobBgi2HSHiB_AZ246XWR4pXKA,Rivëń,728,I,143,125,True,False,False
269,LOI5cQ6Xx1f84JPsSBYNj24mD4lP1rSy4u4frvWRCeRyl_M,IamaNewby,649,I,173,136,False,False,True
270,nHEjwBZZ3tU_LpN-9bkMdUUd6jlEraxIme5FpakHoJM78DM,Shupian,524,I,59,40,False,False,True
271,EPB4QgX723yU6E8x3J4t3nK_P-iSvm29OXAw-nXrsPAEht0,jij,513,I,117,89,False,False,True
272,yNJCtRlIqi6BQkTiPqXLDXNUkImBPcEXAo_A6bLpgNAdmKI,Pluto3,757,I,282,247,False,False,True
273,DtgtOcPmGqJaBoFj7k8cq7dUSZnLcJ0WPioIHgDLG585eB8,Navcan,510,I,663,640,False,False,False
274,rrLDSlQeA08kzma8LwuFIHru5ZKu95Ts0BLQgkrRZ9u4YVjx,jiudaozheIiba,503,I,168,153,False,False,True
275,oG6Zw8C_BpRh4d3fyZCLxXzVDtDh9bp9zO28S9otCINi5K8,SandPaperX,772,I,300,271,False,False,True
276,x6Ui4IWXgwQ-i6BVY222HCyKs1G_67844RbFTU7Wi2Vwt_8,Cillian Smurphy,508,I,83,58,False,False,False
277,Y644qAr01Ebh95GpoaWKWcrxi5aM_-sax3svZ4vBh86GeLs,P1Jx5,514,I,202,183,False,False,True
278,DEgXudLxkwE-2LGLNXkqe1FA_EhVU1FWN2kbrak4KSDC8N8,raınıng,553,I,142,124,False,False,True
279,OGu11-VxkacK38cIPHVNdygax2dbXHe1Na-2JzYm-DqLje4,lGanks,659,I,473,449,False,False,False
280,k5cH-fe0jBVIdbE0tZO7ALfZynPy_H-mTl-I2dSC8f_NKj8,EmiyaOo,492,I,545,477,False,False,True
281,G0KjCpy2gzVT_HtJG6AUzlIOAVHxLXf86HzA7eVvmtyQ22N-Vqgucob0YQ,Psychopathic Mid,707,I,209,166,True,False,False
282,fNJ7j-RDk8FECbxmBEI_UD6kSJ9_3sFXg1AvHw8XfwDR1X4,bakeryboy,505,I,333,314,False,False,False
283,UQqTaIBcIIEChl6GIJmmTq51f9HbBZ8lCmBA2Gdn7xHh9jVsektj4O8mxw,WX YS90622,540,I,547,498,False,False,False
284,_kjmOdpaG-oNt3YDOBSheRv8WzCWhuSjORn2b09SlDuRO_Y,Lucaserlw,538,I,209,169,False,False,False
285,sRL993oq-gkkeiE7az4gXLcY2rFFFvgqR_hBCC6Vi1EasciM,Sdorica aurora,482,I,133,144,False,False,False
286,f1TOBjNHizSueeU2eVG7FTJtUY15h9J_OLzkZZxqEXzZIFr4b3vEw2Ix-Q,10X JG,829,I,174,130,False,False,True
287,cCaSqAlzkaRuOf7I6Bi17GkqHEvXTvhZqmzKav50lFHiQkA,Corgi the Pig,794,I,116,115,False,False,True
288,N-kfRn4p8W9VrIs6189ZnQx8oN7uH11uDlZam7jr9pC_vnw,Ariendel,789,I,400,376,True,False,False
289,kwIWEGi1kLbJzRek7qmANDMT3pjo1scA5yQ33FJpmoOClzI,Zequilla,516,I,111,92,False,False,True
290,K3WV2gy0zgDcjq1W5t4kS0WIP6xBbcOJCA0_EDibSZ5wFeM,YYJ,765,I,341,306,True,False,False
291,rDJ4tABmOTIh6g9pczZXo0q0c4tUtfoV4pNNrOrASnBsThs,Isolde,693,I,174,143,False,False,False
292,YBdCIFBWyVzSiwna7tZaA4WyWmEOkzjgM50afycqHvniUXmVHun8znMuXw,youshi xiang ni,548,I,140,121,False,False,False
293,6azxaHL1_bP5zzdDEqVOEOodkVenAQhhx9hQMlk3lvA,KEKW,489,I,189,156,False,False,True
294,jR0HOXDgQTQkOitookuTqGzcZS8t2V6ZGcmft4bHURCGs7QKGZqxkUag9g,rzng,535,I,222,203,False,False,True
295,CmplRpNtMTanxqvHgoDIAqRCsLfR0AKJvdK-bkcmp5KpwiY,Chanman Reformed,613,I,149,94,False,False,False
296,eioikswKJ7Dbyu5o1a-dRJAUT86Ii2nkCOlGdsMYV5meEwI,Wynncraftian,649,I,221,199,False,False,False
297,dG3cJFQMOXS3DJbuwnvtzUpteNffo92wCmHl9umiGukQYdA,Łûnar,557,I,328,311,True,False,False
298,4EuhamyU0AV88fk93DR3GRGPHuEyic6mM3ieScdJKe9jypA,dtro18,826,I,445,401,True,False,False
299,tAbE546b6sM4Hs0LQW5Pz29j2rPCdf4FoHt2NS57FxKnsvQ,ANTHONY EVELYNN,579,I,170,154,False,False,False
300,g9stpk4nOZEUGC6XePIz3sJotvGRiNLZxvem4BBET5BnHMI,Crimsonating,766,I,231,199,False,False,True
301,xFQMzCr--NszNpqpjIg7oWydNVcSjrNPHCQtZudbPCWtXQs,Lowest,748,I,269,227,False,False,False
302,G_8LGHvn15wyWukDU7RbeEHNXWP55IOTE8kLwpN20Kc64HAU,GoldenNinja103,554,I,494,446,False,False,True
303,GLqrHrn1erfiLV9N-ExLIQNbk7REaFOr98KgApz6fCsHOZnP,7 S e 7 e n 7 ,621,I,355,334,True,False,False
304,a_vIXD1dy9CMC9-Y1px1t9vXVfNl5ATeVVYP8TWNJGxgPBc,SoIitified,498,I,616,595,True,False,False
305,YYc5gy5MRokJB6lGwiYNCRg4IbfLj8dsocnFqDwN5oDcL_c,God Sai,499,I,266,249,False,False,False
306,cUAzcBSNxePlE8kIZBJP9UM-NrZmNGPMKUUQQo-HbBGxQD0,Sweaty Intern,615,I,408,387,False,False,False
307,Z8aqDTg849rV0mKashO9Cxg4J7gAn3itohrWE4VQ2d3w,Zativert Vi,488,I,71,49,False,False,False
308,6gdpfAYUTZPtos6619WeYxQm2Yl2mXGqvbj_EsvpF0JRIVw,Competition9,712,I,516,482,True,False,False
309,zvdB5k8kWB3mlAXxpXgvCKrnprfgsZ8TMkPXWex0JJ3XbFY,dang thats wild,706,I,152,105,False,False,False
310,PiMpGb-_09ocIBa5P_j2R3QACfqhzXFjnd41amFxRJJ6xpM,Hafu Jr,576,I,225,206,False,False,False
311,Td0vgrBQQ-R2HPRf64oyDBZU9Od8RQjfl5-pP5EvEuEm6QBl4EXXcorE-A,Z4A0,586,I,708,668,False,False,False
312,AFON73fPpQV18fxHljetCnFBReHYOF05js5BVaOeuNOLkWts,dunksquad102,480,I,103,88,False,False,True
313,yUO1YATV5JNZyiP6GHr4Nb-zaQsQqQdOqjweVJcyIHE2MyQ,Nzm,839,I,142,99,False,False,False
314,GxtGiTwYCx7mxuB0QVBLhANKfUMgmYJyJ_75AOyeosagNRc,XEWXEWXEW,835,I,447,419,True,False,False
315,dMpPpsoK6pDwopABbbrTzf3tBBV9eh-HzQ7SuSReTYzCN3k,Protos,830,I,440,407,False,False,True
316,ursjPkiVwqxvqHn0Yl8Y4DRu71lwBw5v-_b9M5QUyEEGMivX,S2ETOGor,536,I,284,257,False,False,False
317,sOj1wojrofY2D5PVgVfQwH1jbvjy2DC6GNnYp3t4coL8jRY,Manco,683,I,166,134,False,False,False
318,ko8p5OKqJfLI5dlTULTldVN-YjJc5_CW-eCcJlrmF6a3ukE,Daddy Issue,554,I,211,190,True,False,False
319,GkoSeeCE-ZZmd6mVM1_YWBqlFSePiiNAya8hO4_BnZftbefaT4rG0NbJfg,Vessel of Hope,623,I,132,97,False,False,False
320,qmJAKpp3FZ3zDT9nD-e22rVbUYXf66bwlIXnVqzs5HKvohc,MatiS,574,I,369,345,False,False,False
321,X3kg41h29d2252ZD6rqlW_PHanxDICU8KqZe-BlU3fwnyzA,Alise,822,I,602,569,False,False,True
322,nn9mEKCWkNoAiZ516AxnBuzQjq8bm-YausQksjWh9UiA9EE,Teesum,559,I,193,168,False,False,False
323,oUkcY0X82GtCnkDaKwUVJOcNx40Yqbc_zH-tbMjjlaGcyIg,bronze garen,539,I,260,229,True,False,False
324,g02lW5UxXVaJjPw75RffwW_8RT9g9c_p-AeVrGMAQTc4Eb0,21006,522,I,154,132,False,False,False
325,DhuG8HQVYl2I0GBGLSHlDpwbSN0uzw7BcHBBhMI2raOrq15s,PCL,569,I,332,303,False,False,False
326,xq9iVCNVVP4KhsB-d-Ny4hBOBul6no6bIjsiY7HIH7UJcwA,Enemies,638,I,309,286,False,False,False
327,0NRIO024hTj0sYQcCzYxpy0tbHkW0UBfC-9BkJlKCJ6NDPE,strange fruits,744,I,394,380,False,False,True
328,9vyaKnpzEB4Nt66mFh35LNuzoqpHgEhmzq83_HFMefFRMPY,Zhï Zhï Zhï,524,I,625,603,False,False,False
329,4H41MnK_QWLT8qMZ3XZvIuB7IUetpubSZ5T9gAB_cR3tH7E_fxnWAuY2AQ,Selfmáde,747,I,276,262,False,False,True
330,mjiSM98LMoppE0F6_DW0W8Nu2ewdRFYD1E6mVVbuEfOyBM4,RoyalRoy,504,I,385,368,False,False,True
331,i_eZ_NHFTIFnus3n5QJLFx-qeMi6MPlTpPHrQizTwPO3W-Y,WA LAZA,606,I,126,101,False,False,False
332,pLzMtVse3q7bdYxc0fbzmLBwBfVsnP1Jr7o0znTij1PqfA8,Messages,632,I,228,206,False,False,False
333,78QSx4dU-5_zze8k3vxVkQ0mjp8E5Z4VczsaltQKqoVE4oc,Lucky,543,I,240,218,True,False,False
334,nJrccXILGlRVELtlUjrXyXq2a7yuG-UY76bvwDLujZGAeeM,A Lot Like Birds,569,I,296,273,False,False,False
335,F0eWoq4_B3qOYmGFxFArt47BQ2ilofg_Dd_TdRrTFDhU-mGNjY6HUl2sZQ,kegc,599,I,147,109,False,False,False
336,57DFyE80XL6S6SMy3RoSPyPAfOH4YrPeMPwY1eASyyqR9fk,Im ExeCUTE,711,I,305,265,False,False,False
337,p2irThZ8bg648f30v_EHQ-AMstsp1qyr5gf2f7bMBFqN7oxK,OSU BluE,614,I,515,475,False,False,False
338,hnqeVKWfrf8cC2N-meY3lLRpTcLSg0h5__O2YN8CMEGK0EQ,d1stract1on name,625,I,182,161,False,False,False
339,HXvXvsLQ_huYYjmzw4zOREhAGTIBLSLSP9924aMmzI8-JHo,Itsagoodshot,764,I,350,321,False,False,False
340,oMjr8RgR9qqbrxbmUPwE6ZYYRlDYDnDKfj6Sh9K1Gk1dBvs,PILLPOPPER69GOD,569,I,121,93,False,False,True
341,ENIaBdphm1UpEwCDGdJ8P9k5KeHdNEzXVmvaGr6cuwzRkb4,Renascor,446,I,608,564,False,False,True
342,v0CoLEBqgcfStDg0lmJ6gep8SghCBjs0h_mFHwS-8a5bE7M,Assapp,840,I,216,163,False,False,True
343,ld88GHzSeE4gcnqsviYRMxXMsYOLWjxUJdMZWHk2fre4hs8,lettuce gaps,705,I,274,254,False,False,False
344,JfDqRcZa7s61DKf4ZM87Tuo7pLQONpqhm-IC2oiWsMa38lU,Urason,489,I,67,53,False,False,True
345,SKrhz5HIYgi7TuqZuJU2UjbxEV8CfrSLjOD4RMMcy7RE1JA,HelImet,661,I,204,181,True,False,False
346,lKfXBa5GpRT4-w3hvNMlxUcdcMjOrbUqEITXky7N9YOF8uQ,Cái Tôi Quá Cao,600,I,234,211,True,False,False
347,OSsrS6RZK7sTXZCue9eUIKpkjVjZMEhcAdWh7xijCiPBtrU,3uphoria,554,I,593,578,False,False,True
348,IHETj4gJP1Ako49tkjU2ZvIhj_yER7X7AR52EF0AYlTBcsw,Verii,517,I,734,689,False,False,True
349,4C9xDGqP2G4hXM9ScjS3wqTs7S4FhU8V45lJnMJrSJ7-vew,Purrple Socks,770,I,481,432,True,False,False
350,y0FmZewgePqI3TR909DWbv4-WUj25rDbrYyydMp8x6X3rfY,Stabsie,641,I,169,154,True,False,False
351,qj9lHTdFtd8vQCtU90SL1u-zEKZ8M--EjsCbdggRg2TbmK-cCaZksVJpHA,love too late,746,I,163,107,False,False,False
352,xedRf04O0XYFNC3cNWgt3WGBAv9H8g8TLbK8ArG2g7fr5ME,IMT PoE,839,I,178,147,False,False,True
353,jAUKiwO09AoOYGOq3L6oz8C6KeHbju1U-mHTRVjMTiSKgscSOpN27NlOng,Ruel,630,I,153,106,False,False,False
355,l0O5msVoXgJ6YoY8TEybBn9UWyAB3WjBjRA5j3Bb2B1q7q0,Splorps,484,I,159,141,False,False,True
356,wid-ZGZt2rnjQn1oxBPuHJKWvtgHMZ5R4knw1WzKYEUXIyc,BaoBao BoBo,641,I,231,193,True,False,False
357,3DAsMEZrxj7bCVE3te2YUcWJx_QWo0vgBdwtDk-bLfdv79w,Araidan,586,I,209,168,False,False,True
358,jI0P4CUf779c1UjABsA09LIjA8bdBzts5TPFh5Kqsochodw,9Lives,481,I,465,433,True,False,False
359,OG-4osPfgN3QeJguTz_Y1ay0hU5lr-kpeFQ1oGAI94F2rg4,DieCryLaugh,512,I,227,214,False,False,False
360,KY1HU8su3u3MsrmR6YnqMzJITQhqHKMh9zvn9mQhvxseQuMl,Mónkey D Luffy,791,I,562,478,False,False,False
361,oKdj9PpBvIzDJRhl7iUuw9_ZnZpWayzpoayRrFBEhtIozCk,alvinchangrocks,608,I,369,343,False,False,False
362,J0SFm6crjpKbTIE5xXV9adtTRC-8XCf78JNLMyKgDq9fGf4,Pholix X,574,I,181,154,False,False,False
363,rRnFQvslH50DxYNhsuaBflY_09Hfw-PAlKr0vVPSVL1AbNo,Overrated Top,743,I,194,159,True,False,False
364,fR220iuG6fCBH8LaNJfn8kocImKR_X9gGRVd7iR02JjHdOk,Malaphor,653,I,285,253,True,False,False
365,uI8DJluvpKPpu9UwO1DRTy4X4U6wpoj92vP2cM2Q03ulr-k,AwakenedGenius,765,I,559,513,False,False,True
366,QyBHdq4l8cfqqko6XJnVOnIKOXPDe1dBWQ8vZMMqz36lPfU,Matty,512,I,238,217,False,False,False
367,BO1n7TRkOtlCzj85yZTAVh8uUvhR7O_bmrZvsRb0Co-CR70f,B0BBY,537,I,111,88,False,False,False
368,NjPmL9iOS93sHi-Nd8DrhuMrdyYPirsxNaIHU-MIsCCZ6UegUN9hCFawng,EG INSPIREDGOD,608,I,240,219,False,False,False
369,uaLXSiAwJUjU0ejyleZiQ0N_Fw8I0f4XtCxk2FwC6Gk-a9E,IVP Bao,480,I,239,224,True,False,False
370,4vBZe0JN8apiFQmgiq3NQZ8vMBqijwZanpVa8bmjGn3ZJpY,aiden no yasuo,756,I,188,151,False,False,False
371,jnqz8qmqdRcUcnjqzZk2hsIwwRTGOG9-rvgZEG1ybk6a4oeX,Hct,446,I,249,220,False,False,False
372,b8co8kQcxGU4PPLzSBzDzy4pNXhJkOXY97S_07dh4HHXEqU,AddictedToBacon,515,I,574,552,False,False,True
373,4Gi-ZRrBBx2k_3EDW3g7y6l35Kd7Y74eTxsW2lad8xugHJ0,Angelic Pretty,526,I,245,194,False,False,False
374,L1EuqhI4831-26BMBumDAUIMpMSnF-J0MsKEcs38xvMK2a0,MoeTube,511,I,398,367,False,False,False
375,mS9RA-gmzcwfFtL0vUoEsPChnGArHQBS1us7x46WS_GVzPw,Chookies,617,I,255,229,True,False,False
376,XSdpCPEm0c2icje1Dbv7AvxRQhPkOxqNq9O6TQ-MtcoHGm8,Strikerzone,575,I,283,254,True,False,False
377,ucJTcLufk1ooSlZZvONcOGdsYmLpUPsoiT39Na1x4pqzrcQ,NODREAM,524,I,163,142,False,False,True
378,NuPjj_klUhgol_9pSI5ra5fQZyx3zHV_SE9Wdq8RrZTW788,perry1,778,I,199,171,True,False,False
379,4Re4iX0Bx9ZLh7jCamv6QDuE-K3jEop5IcFXosejisutDV0,lafyèv,643,I,185,159,False,False,False
380,z3ItLKxEhjfTOuzs8c3SLSkdLA37dxUZ1SAU6DNyKBAFIp8,TreyDog,504,I,144,112,False,False,True
381,vIxIdiEPcnoKCuHLtyk_aDJm53skOAuqfAFOEg_kGRwJD4BW,Akuma no Ko845,507,I,241,168,False,False,False
382,6eXrEOCbMBoNnLOk3uuV0YGY35MUr-dQUhTLYh1VeHcEi7I,100 Tenacity,661,I,146,116,False,False,False
383,uswv2bd2mthx2PW0jvHJ43fJn0Nxj8qv-CaVkIdeR1CwjyM,Danman96,491,I,421,398,False,False,True
384,atpzkYJXb9mwiK9QIzRH6AOx2mgMNuEbL9-IDa9Vae2bh0E,ASCEND YOUR MIND,553,I,176,151,False,False,False
385,kXV9M0fwJIccJqAB67qyLHMqQxspul2Z__ldCIo5M0cbuys,Srkenji,556,I,402,391,False,False,False
386,fn_bNmEvSSYJxj1lwkUehtYsyz3YwY3tZl6QDn82Q2thii8,ALEX HO,545,I,197,174,False,False,False
387,iLPwbStcCRTm9ybrh4r5HmCId3pE0MufvG4fT7HRIcMrl1w,U Never Loved Me,792,I,197,170,False,False,False
388,uJPxbhbEjo6jXA3VwY60Ogin1c5xhPkuucmxMJRxeq0o8S6n,Ke Ni Jiu Shi FW,623,I,163,143,True,False,False
389,DeBfkTD2kpYRx98EWsEEbKzuYUPhEOr5L05GzEc5c6ekK08,YoYo OwO,840,I,337,255,False,False,True
390,xKziDapyIcW_zA5IJfI_sNVPsO_0FeIW2OVpq8Nh2OIK0Yg,Yozu,745,I,310,281,False,False,False
391,dSDau_rJnDNCjJQgw-BrEezc5D5_Q0ypdC-TVZ0wBEvwKjU,Ahwii,809,I,196,160,False,False,True
392,5rqsvIUiw3BWDUgWWGpdmDdb2aHjt1eOzCsjsj63vka7J168zPBFrioh0w,ACKÈRMAN,744,I,244,210,False,False,False
393,vScM5iorsj_-92hoSo-l7jxz7cvWx2GCrLu6KUmEAgesgN4,CherryPopz,770,I,216,180,False,False,False
394,FAw96y_IxKKKiYZp1x_kQykfq6EH_RYjYbnqMsjB_4AUnYFM,lmaø,634,I,207,163,True,False,False
395,w3ggVUIsSIsmm1aHmYd6-cw0TuZEgv5GVp688ojKxe21reQ,Strova,448,I,589,572,False,False,True
396,0H54uaMukoal5bzDvLV98exQOP52iShukLAzHShT22KA,admirable potato,573,I,258,235,False,False,False
397,tSUroM_MmQdJUGllP8B5fA6IUpUdVQZelfxIFssoaAi53NI,Xaple,547,I,759,735,False,False,False
398,5NaHLaJTKTvxXJJr1B40CI4N5_0baVAolw2CMwVwercU8ag,chuz,733,I,238,213,False,False,False
399,epkUn9nrlkUGuPKlPl8-iNtmpujFGlCvPEXD4wFQhTlLMDM,nifty jg,706,I,375,338,False,False,False
400,u4wQ6Suwvx3w8b2xbkuQ1iehpxDJawV9T2UCd_Rgjd8CGpI,irss,481,I,132,95,False,False,True
401,j0ujZAovxBxIWywImY35KOUuOpqVXwApt9JnJR1OCCu93uw,Emprisonner,707,I,207,182,False,False,True
402,wFbCJS4LOdXVMDc5dA_RYTHx5XCFDBv8JDdSc-1lNzaqCtw,SkiTzee,565,I,718,697,False,False,False
403,HthmeswrG_kW9ETflwAaNHc5Iao5I-mq8FYsVoOjPgU3fb4,Scenari0,511,I,177,171,True,False,False
404,Z4ClR-ZBVI-_nm9S8V_jMgA-vsg2mgVVAr1Jd5fAGiSzEYM,PhenomEX,738,I,487,452,False,False,False
405,NDf5VrjcwBS2M-uIM7hNdmI7tk6UmJeU-LUohYq30TNnKyhI,RapÍd,852,I,593,551,False,False,True
406,DBYZiwMTOvrFwWo8S_baGOFRqHhj6bgh2xnhcn1LgHOJdo0,ShoDesu,483,I,354,338,False,False,True
407,zRSZYMKpxZkohtCVW4sZhAZ39kzkW005HRvLoLukJX4JT3k,ZaltHate,536,I,305,268,False,False,False
408,Om6GkZEiSIrPo_-smPuv37-g_TJ1PTvcfQABrPefTY1u0SMXQj27ZRxqSg,OnlyBans Draven,498,I,408,384,False,False,True
409,DXHdx_hIj0TC2ryTAqUZmLkAAAGg8otFieOjElUFD8AwuJmb,fClXmCeleste,585,I,198,177,False,False,False
410,IUiL7a8dt4mnlBqSXtSJoAS62uAVQ2WBUB2JX82SQC8hcyM,Rêquiem,599,I,480,427,False,False,True
411,8VsUz7KZlhRf6p6UMwAmc8FmIlp6_tjQIypELpPUcu2G7C4,GrayFawx,665,I,412,381,False,False,False
412,VziTtFxfBx5Ksaq0reOboMkjEdvt8000FyP6hK1kX4tUGHPB,twitterwolverene,485,I,297,234,False,False,True
413,Rn4xTRriMBwK3lJi81xlZRKQe83EtHFdk_XtN5aRUGh0wUq3dewFYhaS6g,mu tóu,585,I,110,65,False,False,False
414,GVULG8KyM26dubVjnNmvAe4uJ9kGPsnUfZabB-1MOns7vSs,aquanick,582,I,350,319,True,False,False
415,yOkPRb7BYiTdcQd6VI-vf54r-Lgj3sdvigSHB0Rwofw290o,meowmewomoew,692,I,132,115,False,False,False
416,_URiNDLzdcJDHz3CvIJJYDiPAcIPjmlP2stNsbblFMRPC_4,Adr316,759,I,452,411,True,False,False
417,vnw3EJsLcEDiRWTCGNMiAqM4dPUiyf8ZMXG5C7J2MN8maos,Avano,618,I,386,370,False,False,False
418,9_SR7ibizw-5SE20IxWXKNZYwH8qzQ9i7B2d1wk99_gCzleFEa5e-tMSGg,kakaQVQ,500,I,112,66,False,False,True
419,NRwW_3dXiMheLb_u0s26VllxRVq3BS5iC4sAPi1YrE4R4mcRay2yGy6Jmw,CAT GOES MEOWWW,686,I,298,259,False,False,True
420,wHPvgfadewvDmACJ9n-HerMcwvILjbCopO-O33oEFcoiPv4,EvanRL,553,I,199,188,True,False,False
421,fSr6JHdW2UQYHOtXe5-bVT38cXyKrNzWPHFgoS1GMPkDOG0,Tora,494,I,549,519,False,False,True
422,co-T30hsab8uLxuVPlWb1XNvca2xlaYwTPvB9ty1aYVoQE8,Victør,666,I,399,375,False,False,False
423,IZosFitBOs-EO_S76FSBc_hcdujOlZ6BXx41yGj3K9ty7Y8,dove shampoo,615,I,133,99,False,False,False
424,E3zguChz4KjCxcIRoubarEedxUWbMoqjVb4IK_qXpJSG4F3TABeV2LWkNw,TL Honda Bwipo,644,I,83,56,False,False,True
425,47AF1Dnrs_fzF_BduDI8j8JGxpXzqrtmdFRr4avybW8AJenTFzoMqa6F_w,shangshanderen ,661,I,698,689,True,False,False
426,fADEA8NSsMbQxUVD8oWcURE9voo_gCnnA-per-kz2QqTafc,Ozami,500,I,296,255,False,False,True
427,NyDqYAiy7nQI4X2qmzCyFTi4BbinyRAMsdNdENnooGCT5vI,Teamgame1,501,I,420,398,False,False,False
428,HAK_xCYwAzotHhd8z8Xv99Xwiqj6ahgbzBDefgmqFj9ob28,Tokiyami,853,I,264,225,False,False,True
429,obRTFcYas80WWBGSYxYig3ZjHLBmFT7Kdn4cALaBPs5YDWI,Book of Daniel,668,I,328,302,True,False,False
430,XYPlMsmiVvzUjjf6utV6GLYSjIPqmaWCzeolcfmK6WcJlan0,Almighty,569,I,61,35,False,False,False
431,A4mTCKqmIrHMzBSrSsiUZM4u2jTTshg8H8U3cGR6NLjSv4zB,YørdleQuęęn,614,I,323,293,False,False,False
432,C25BPRntJlI8lD1gBkNKi3rPeqZCecFxHF74tcIiROnse8c,hyperton,774,I,188,144,False,False,False
433,gGaDz_AatVFiXqm70Wjmp1hk8e28_Ax_pqOrlykvhdFfStYI,Power,621,I,435,400,False,False,False
434,suwhP7oq37xG9D2TKeq8vSpqvHJWMphcL_SMMZnDnG8dhyLw,little Aatrox,488,I,240,194,False,False,True
435,oC_Nj2GBhvNUNTua8kgZsti96n_vcNfzNPmELGMzNYiMHoE,downbadnate2,533,I,559,533,False,False,False
436,4HBze0XE6F8SsGGQ9RgEd5jLcyc9C6R_4dLGReck1p7wVls,BaboMid,496,I,201,164,False,False,True
437,8B-tDemsVy7T-ti_Reh9XwvCib6nPx-0CQbGR8rKEyguHro,Mr Unchained,618,I,97,66,False,False,False
438,EYcqtsl1aznSLzYdvPchzRm2NzevUTcEn2UuqZQO2RGkzE0,Eternix,634,I,460,430,False,False,False
439,I3KNE3e_GybILjGsp_Setc_gfm34q0XgNgVtYHXFrvpG39k,Vase Admirer,819,I,194,157,False,False,True
440,BNJHZily43fup2IZNvFE1raRHF0GsKJX26nbeH9Cb50jd9j1,twtv Citriclol,700,I,395,330,False,False,False
441,GuoCPqkQkm2dJPaVC-EJqejqUO4Ni_46TTEv4fY21Y9a8628U2OevKlXXw,qamAnti,584,I,88,66,False,False,False
442,PO3C49kKpK9qDcOGA7iXdbD4lHOB9Aixue11NYV1FRk6DV6I,DarbBarf,765,I,367,343,False,False,False
443,YL6egfKJNL4SiUGKeUgNq5YRxnkrroN54UrrMLXlUlj9TdxL,Vodka1,794,I,257,227,True,False,False
444,ItyRg48TNBZiMjLzwmPCMHKXPJ6dLr7sst2s34fUatf8AP8,isKOPPEN,520,I,220,204,False,False,True
445,aa21Fwh6UyJqMjP-PKAEJ263Gi7c2ZlpYTJ7u3bIgYQP2hs,MONSTER CHAD GOD,541,I,811,803,True,False,False
446,VcI52IpVnmN2w8YRREJJCTYw0-AzJGK7vRUYV9ZtXr7rnbHbUW0nSnDagQ,TSM FTX Mia,482,I,236,219,False,False,True
447,pwH4Srs6t-r1ZTfdSQv6gsGVjVlddCI5Rfna1oWGTp0eIgpsoo46W06yuw,Yu ljin,712,I,508,490,True,False,False
448,yrJ7RWVQEEvKe9u5WKCyaYB5PJ1uMOfIwQgUMT8zIrwP0u0,CR Sheherher,532,I,286,272,True,False,False
449,NGelG3cVwqHfSsO8_pvVo7-RubCzC0TbwnWXWDY3XPATqoFCUnj4MYYe2A,for Hanjin,579,I,197,160,False,False,False
450,MLhtaRUvSlH_mbF8YHgawwHIA8yhst8A_ekuSvPri0NmB4d2v3Js6Zv2mA,Znmhy,744,I,124,91,False,False,True
451,nX_DUC00Vt22lkJD929jhkmuwpCEPselIMmfupNUzNl7BdY,xRoyal,492,I,481,464,False,False,True
452,3Q4-6qOTqLMQ8pPYNChTcDOFZf-qVcXhTDKbpSA_13lpWzA,CensoredMercy,638,I,155,128,False,False,False
453,WTRZiMwrsGXAJUB2DyXoyJwRgJ2C4acSSYbHCl3x-UZj5MY,big dacko,726,I,360,330,False,False,False
454,7BL-kRP5Kt9N0FI6kJqzg9HKqXIipQcY1ZAcO7GRheocdP0,Synotic,604,I,343,321,False,False,False
455,CZFIG8Ap-BIY2IaPto1B9pqVLE2DtKGAu8Mu6SX-EVX_gTWQ8G_qbQkjag,only for myself,854,I,592,529,False,False,True
456,_z8ehnObow-svXmaBWTq_jYRjmk1kZ_8j-Ri8i_mXW-fPqY,picapica,719,I,148,147,False,False,False
457,OCJXxaKwl7jv_4IajcRM1upmf51o4BTLU-OKFrjBa2WOpVk,TK 2023,800,I,280,250,False,False,True
458,3J9BAolaYTW4--IaD0jidsCPVILZEXZHB2RPaGTfS4OZCysD1zEreWgAvw,TTV King Fidd,518,I,184,144,False,False,True
459,QucrrOFvcwzP59Fgukae75ieZztoDndJFnjS8Ty_hb_GRjWYk6fCX4PsDw,muko9,491,I,111,69,False,False,True
460,VkPk7Kh4lsoVNyuKTg3NlCVs3Bdr0oDIKKyce4WlEdKZ5hI,pumarejo12,500,I,187,145,False,False,True
461,MD-fVfYLFvCsECZ18Rn0kOK0NRaiv55pwV3ny34uomYiAdg,Wútiáojiàn,629,I,349,319,False,False,False
462,6uYuZ7S36HFXbtsK_gHL7y_9BfzOLocAlF8Guw8ddvJFvy0,IGetTheSauce,490,I,332,314,False,False,True
463,kft96-OExqDo9xl4IEDLDulcSIHQBtFP5AhJgxsuHI98cqI,Diomarr,632,I,191,176,True,False,False
464,SuT1Zu9-Yz6Q6pkcpGgzaVLoc9wgMQ2tvE383xM-EVE5dY8,Reimú,626,I,147,125,False,False,True
465,2yAwstGjZE2f6dAwKpOIcapMpd5eCLZNene8nIttSA_HtyTbd3sk3wyi4g,Fanatic Pumpkin,542,I,175,137,False,False,False
466,qgmYN8frXIlyUu2KwJLSm_PAEFyAwelvsyuUF_05dXs9fDCzeEdGarK9vA,waltz for hulot,848,I,227,184,False,False,True
467,iBpYweaHqmDQvQraoF3I10AFf1McPbptO8hYvWXaW7yZLeg,REDGOD7 Fan,499,I,204,180,False,False,False
468,QZsv-13LfDOEIHMxcWAzuqcS9OOGRKN1RIrIakLrDMSHLnIW,ktriyuiop,710,I,202,197,False,False,False
469,uEvCejOLCS6H9x9VzUJoAza-SSv-jEtfoelkc5Z0oUEx0qI,SanguisAnguis,486,I,444,422,False,False,True
470,8-8tQVfB2YOSgOhjR2BqIXYIWiyK6ytbPsLWlDCGt9bPXgTLxhHhm23H5Q,Chungus Jr,510,I,250,228,True,False,False
471,6CpcemrRU7LD50huiC8pDHhce6ANTJEcIzh5XU-uASJti_k,June Gemini ,802,I,290,263,False,False,True
472,epTRKbFEqPqXu3iJ-ea75nAGIJGpTBAW90iee2P0ivh2sqs,PG Ace,840,I,135,90,True,False,False
473,oxvBEwqen87fRKS8ZAehizfSe7pdPmeYOfLdsCE9JdF_DQw,Misterdot,752,I,247,217,True,False,False
474,7yLW5J_umbvoIzkU7vom6zqAKUyYYcX58cjAtHNj07gkMEs,shiro3,562,I,83,64,False,False,False
475,nVJnsscKVzUmDzG4wD8s0G75PBxM_KlHpRX6VICPCZFWzyU,NI3K,599,I,163,88,False,False,True
476,1EJDY2vCg7p5r0rCN1B0_oNAsMiBlHuEYieltRUdigiRgt8,Joyuming,509,I,292,256,True,False,False
477,g2hogHFFs1JHh_zCa0-gQKWlvRH8de6jsOGmHDOx4JWc_iY,RaaayLAN,481,I,126,103,False,False,True
478,QLv7LtiQj8pb00YxPulxLzzVZXprvkce8ivRvQkTKuOdY_A1ErYHuaWkbQ,Lóst Boy,805,I,104,88,False,False,False
479,hA4iC8kYkRl-lbIdnLVYw93h8vkQw9bXpeqPY-r0UvrRErY,tibs2,505,I,283,271,True,False,False
480,SVKawp1Pce3HoTZq5rfMgDg5JxJdz1Y5_zEzT8HH4AqFHv0,rege,598,I,141,129,True,False,False
481,HYdr7Z_dfpWIaYvJTZAryTpYuKL2XU3lNpuoUPLNyPnPnial1EVnj9j62w,Botlane Angel,646,I,243,211,False,False,False
482,sorP_kzv38I-Xx4tJp8NUo0BDxHaX418AuYZz0GvUk2dc_A,Jido,675,I,295,270,False,False,False
483,rmXUd-tbPGGZaljwSuXRY7-QDBd27GU1TallOTTMmMojH18,GodBranQc27,515,I,252,239,True,False,False
484,Zg_eRa5sniDp5Ycc0icXp0-FmRYWQ2qzvOtx3s8eNkNZvRaS,ﬁst,653,I,191,141,True,False,False
485,anNw5IQhaLvCUc_s3-0ylfr8mVZF3gFXJVPKB_wmgL2Wq0E,AoJune,500,I,710,690,False,False,True
486,Xjkmi0SiJbQ8TbCcNQLN48BR7ba_I4vHDjvIHSzLRajAclMg,MerlehX,500,I,356,268,True,False,False
487,4ehC661LUPOdARsZnGcrKPcMllJMLP5oa0kCrj2ydB2bI3o,sniffuM,491,I,485,448,False,False,True
488,yWbe8BTUgGwHnaNXWpq8gAhHouRduTwwMvmzTA3OecD_2kc,bsavvage,486,I,570,552,False,False,True
489,BO8UktKsjzGf8D-QvZLpG-V07VS8JNUJH0i21ipt_Kk_yHQKN1gfPxeLzw,nhozcrazy78,608,I,235,200,False,False,False
490,JbRAe7MSDNuNEESSbhGt_R9BVnWRdHgjwMTP4Z5LEDadLOY,Wunderer,624,I,359,331,False,False,False
491,m4szZrCMnmW1eLhT7R6bN9OBTk-dMG1IhF1kezhJQKFmShBg036zCAn62w,Her Ruined King,539,I,161,137,False,False,False
492,tus9pvPdtn8oFBy5pg-uF_iVcMz9rYOhqW5TZsKVQnjFHLQ,Cendi,650,I,243,216,True,False,False
493,mJbLKfO4bgGByJytIDdW9agDuB2Xk7MXBc7_P3nirzpTSEJG,WX biezhuawobaba,765,I,197,144,False,False,False
494,igG4rth1uFpm5gX_m1C4wgl50SJf2WPjhTB3hbtfG_FSwLE,ChocolateBun,691,I,502,476,False,False,False
495,uq9hiLrvLirGKT44TeFq-9jKAsJb2yL4g-pEJL-vt24OtqjR,Km1er,716,I,304,239,False,False,False
496,ZMUe2-Cg7Dpzav2_N3L-xLyVycxAB1J6BUhBdU8wAxIYBfo,blaberfish2,587,I,147,121,False,False,True
497,ExJCpLtAeoqXjeKq-blKGQfHrk6Wo_uNOlZxzTXFvp6C0As,nathan we miss u,674,I,451,424,True,False,False
498,SI4ek2jNsA8P4ELbhclbt1DZz7Y-RjPgjklyFW9mzGcocYA,happyheart,767,I,154,126,True,False,False
499,ku8Ln8glHP8KyeRPAygDxl5TJx6WBlXGj1pIz5VL8m5lC2Q,C9 JLand,651,I,236,203,False,False,False
500,GnC33KPWUrfa8bGHTCcLd7xYLc357gEI_xg8JjucZkFNKBs,Sleepy LL,817,I,182,132,False,False,False
501,dEqjNPbtE3XOYn3JsKNm54vJADclFruYeYWWnPh-ZgiC59o,Reppy,469,I,407,386,False,False,False
502,RBDEgkWFPDN33Td1pZTKynv4Zkd9hEtGqOLPVMvr4Fg3A2I,TLHonda Bjergsen,542,I,161,140,False,False,False
503,bCobq3O0GHxk47sBMA8Rt84WvdND-ZgBLQLMlK68VPBR3yE,Proxy then Feed,771,I,384,343,False,False,False
504,V-ju-EiHyi8AB5N7vYxISz8MbV9P4zimlX6dhlbEK1qbhXs,Lacíe,516,I,219,183,False,False,False
505,9IeAJwunVEkAo8I8z1wYuELKcV-YvejztLHe85U2dGucAE8,míni,778,I,126,111,True,False,False
506,bdqKNZAHxJVXP5jmEec1XSuxno6lbP17VHYs-O1_TIVzPrk,DARK WlNGS,830,I,198,167,False,False,False
507,6LGQp4aXkZrgKkb0So8reRLIIMUnzFtoTvrlgzxx0p17nKo,Options,798,I,153,120,False,False,True
508,WW4lLVYcf3HI83mH10iHMx3hTy_b6HW_hO71I-QFl_0WqkE,Nasteey,823,I,171,132,False,False,True
509,dFWeLdrMUbuQClSxfUAV5M6HL_2RO8EvDMrausJBAwNsqIHtIzh5ei_vmA,FLY Twoballs,704,I,218,197,False,False,False
510,u16SY8aNTHCqgU0j61Rc8H2ucjjGUgg6BJHjzF6zXTQvNUdl_3tgJdYFTQ,midkingzzz,837,I,420,391,True,False,False
511,YoxBl7TlUXqcRlqepmvkoxkIfqxwIA8Wqh5BmMHQYA-cYfY,선혈의추억,645,I,149,104,True,False,False
512,VWe8HTn3I3baAe6nut0QftUdO7M6j2klts5jt6f2b3jAadI,ArekXander,756,I,291,255,True,False,False
513,WMqtm6HDdhgFYd-E_3DqDma251RFzF59x3Fc_8-dGXs8GyA,Hatsune Neeko,635,I,292,225,False,False,False
514,HzqPmIXRVaKOqhY-15jb64HDlYbB1qXLrpKk17tYMhVK_cQ,duong pro,603,I,204,180,True,False,False
515,Cyzyd02ZWFM5RocKXqcOu9yv25ryw7G_v2cMKhpnZiGqbeg,Yoshi,622,I,203,184,True,False,False
516,fA2GIp8iwPEmOdYrjZYdwoyZ1GK5XIJCcFXfpNqsULPZPvM,Swkeeee,751,I,326,303,False,False,True
517,SyeHveNRVvlbZucELR7kwFf1U0E1Di71ayD8TLgUitvLqjig,SSSean,810,I,304,278,False,False,True
518,kdqX3u5_LG1eTK7g4N_qJwKU6t4tDapvcsmtEuamS8cD3wiVjvcMXGhC4A,500 Tooth Dino,488,I,214,186,False,False,True
519,roIdyeg9Qp34dclc-OlFh60yIYuo8qxtwhlInuS3YSlFJoE,Sheiden,796,I,227,166,False,False,False
520,WDtxvcsB5bu4Mg6CiNSyqlywZ-PjzycFTSC4jbsprSCXD3I,Emo Y,499,I,157,130,False,False,False
521,R8BBHgA51Z1RYQZCawGQ8MjUpMeRzdkEOgRkQYz2ng5cIQYP5gENUXM4gA,Theory of Gods,459,I,133,90,False,False,True
522,CVLVhoZSz8RcUswIBv6-aYHjmTJ5ZOn2edWOoh3MM3LsaiPM,Haboper,552,I,107,74,True,False,False
523,BfgaLSJedsCEKNihjD7PLJ13-F4AtX95UhEgYU9AzQYRHTM,Caesar Gattuso,758,I,162,127,False,False,False
524,YdTi_pHUUK6ewH5exM82e224vtN0cV99abGu_k25Jo5KTfY,Theworldisunfair,598,I,156,126,False,False,False
525,Ckwit-afYzuSCOc0PwGeUB8woyNRePVYpIWKgWJ7fAVfa_1r,qad,724,I,248,243,False,False,False
526,3zbhcSQY2nNkrDV_EqIUtZ3BHEadjwfKUMcYVGCAib1TezWj,lllIIIIIIlll,615,I,327,289,True,False,False
527,rfoKYnEroTZEtz5tO75hsLsU5AG2iEbMNu5pQC4kywY2dlMmCuzB0qZioQ,bmfx2,811,I,120,90,True,False,False
528,RS1tsHH70MNgazCbCnO8M4P_bBQaqlj5QDs64WzvEa7DsfrC,TwTv Meloneasy,566,I,132,107,False,False,False
529,jLuHrUc1IKgfwQLhmnhlUC5e2ipM-MGxLzFFodkGibGYIdg,PENGUIN L,611,I,205,168,False,False,False
530,DsCorr_X0HghonRl-iT8k1ttPjR2sRoHU1CpHlnlI6125SMpEC9ydgubNw,wx PWDL1234,805,I,149,95,False,False,True
531,sHDUWsOiKNS1GZFDCEy31ut8PsEYforIjO7m0JtTgoWgu1JIHj4cFId5Xg,chachlng,684,I,86,58,False,False,False
532,rKg8P1xIRXAXVs0uPRp9yHshzwSHLaASHu91FgC-RhHtBVA,NIKJOJO,506,I,634,619,False,False,True
533,68836qCS_uQVvKZZTNKXcVWys--kBUDkYcA2Lg_Cvlkl1DQMweGW7Jb4bA,MUYANGREN,455,I,221,170,False,False,True
534,PTOtiFJ5oLZqjEgnOQlKiXFiYMStR_q4a9zE3zk_SFn8Hb8,dfxbchn 78gouyh,473,I,576,544,False,False,True
535,cr4EUixmqusKadrdgVw3OBEbb9U9d1cv5fo3zTwvjz358Uo,Lucina,539,I,130,97,False,False,False
536,MZm9BWq8LkI_a5TaypEkzwPVatP4_5FmED8QdM85JE50sFKT,fiufiu,777,I,272,242,False,False,False
537,LgzaHmmBhlIy_OSxJFaY-8sF3fgvMwA-EkgpTm9CtRnPyVY,The Chaka,745,I,487,415,True,False,False
538,nRF1Eu3bTEFxxjK8mrPbej-LuSw5mIffQLdrsOiRQmCXNLs,Mel You Jie Kou,634,I,381,349,False,False,False
539,C9mVjj3SBuZ-0sWoxO_h1UudYldwu81V_TeyNhCXcgXKnFo,is my,559,I,224,189,False,False,True
540,5XHIGgPiq3Rsn5WSP7oVDKBr8qdfj8FkdC4iYq_iFw34qw0,Sabiñ,530,I,360,341,True,False,False
541,FLDp_YoZJ5mzOPLclpou2238TZBI08uRl7tUxkYJ5tPvumR6nNZud4BJ2Q,P1ng,765,I,216,220,False,False,False
542,VsjUnFKjI7qJUfAG6k31M8Q_TY2j1j4QXFCiswQqQcmnWpo,Lyteskin,581,I,431,416,False,False,False
543,wSvB9MKS1Kw2aEmwwSDWsGi_FSqn3qmUhR8A70TlCnwyvVKw,Wekin Poof,514,I,186,172,False,False,False
544,ogXRxe-eBD0kkCOEZa4aMccJqc2FEUNGuw_UbadSKzfWVas,beben,788,I,600,571,False,False,False
545,TBOG1KqhNdrGQcfQXCptfP2OQ2fopQgK9rM7xac5bAw-Ufo,mumu,490,I,323,295,False,False,True
546,REFHR07sFZW7jTiA5hzARH1axyHYZEMFvRnHYzyXVuvsHXaMtnXDEBaa3A,Pai Pai Tou,527,I,168,153,False,False,False
547,FYG6pLMvf1iLEdlQDvF-3jhXdDCsKZdi4EdNTeL0OiWcgDI,JugTTV,544,I,241,225,False,False,False
548,EqSykm__t1oV49FkK2I29q_PNY-Q3A5VjAW37822OsY9fuo,SebTheJoker,829,I,191,143,False,False,True
549,Yk6YbS1Qr7n3zO294j8vN9S-YruCqYzulMiOxQ2_VkZTl9Z5,sμnny,748,I,396,374,False,False,False
550,KiBZMEIiivONIu_jU72YdhEfqwig_RRuvgMeTTbMTe2s9DM,slogan1,605,I,268,240,False,False,True
551,ULFLWXUjFg1tXGdZ4aUgBXrRYI56RYclK_9RLIjqluYXB0Y,White Snow,541,I,462,445,True,False,False
552,xdw6lvux5hafPOJd6l_a9Oo5YyE5kPsD_3OCFDbf8LOP5nc,bryan3838,510,I,255,234,False,False,True
553,eTj7_zpnb_wL8wIud5zp-yJLm2pAo-vz0Fg_jwj8GlQIoSau7SBSGa_pNA,100 Lens,583,I,378,332,False,False,False
554,y1asUf9uPC44pwXEB93IWqE7zm6EiGZOeVd-naQISNarFPw,Darksune,657,I,383,333,True,False,False
555,SDvKKc9XxUhgr2u43qw2eNEToCJ-BcBlGjtm8TUQ2ce5j-MoZaRlsffS1w,Xavier D Monster,761,I,162,128,False,False,False
556,hS3V0cZQS04uzEbNOKpAJRN5h_il_K_jUUltAUEO5W88RHAp,nxi,481,I,375,362,True,False,False
557,YWXWptL5pQghTlGK8EUU_gkB2G80iA8KiZnD18KQ4doLRoI,zi du,586,I,95,85,False,False,False
558,DBIYmsDj9bqFC1H8KaXHdOYrjZKy9d1is0tb2ZzJ5UQm6Mk,Dwye,487,I,420,383,False,False,True
559,35Okcgk7FqFy5pNgm_m56Y-ApH0mLUbeWcolCmDg6QnCWODY,Outstep,524,I,141,128,False,False,True
560,2Dgo6s9lcG4ThX9CFzNE23r26w1b3MKA3HoafBwbX9HO0bjBIPWHsbjyrg,Scarface,784,I,68,36,False,False,False
561,qFpFfbhpYGRpc_RmuPyNw0Du7En8l-2G82M4AsuLEjjoBzc,Jaze,528,I,420,391,False,False,True
562,vwKET_FTpXIb2EM8u3OLUuxsYw50w4oohhjQrecRk7PffMBl,iPwDinah,487,I,309,284,False,False,True
563,b1sGqDDBJL8WM5xCAX00_b9Td9_23GSp_5dEMq3Fp5SWs0U,Ralyk,620,I,216,193,False,False,False
564,qLyDBIr1PM_0pvV8TfFveNsjm0LJ2ej3NQ47Cb6dZU-rL3hU,melke,815,I,687,651,True,False,False
565,c5EaXO6lw5HtBdAfwST7_yMEueYYPXaEulx9cTrKThMP8F0,I LUV U SENPAI,785,I,207,118,False,False,False
566,p1uGa0YFGyBMm_pc6m6bbQbRJvI0glxtTRKQZlpiczYRbBM,kejwhkhkk,718,I,255,235,False,False,False
567,2FCrziNtqiy01KhpQs7BL00P2KTDBJpsAoypuUJdjgfeZ08,Cinnamon Bread,758,I,298,262,False,False,False
568,gf_Gh9mVi96IGQw7VvvE2OWApDdKcQ_PgT4UoK8MeqL3tLIH,LaningArt,605,I,155,152,False,False,False
569,VzXgUBJUt3Kd5VhwwjM3aQDrFIXyeHpsA4BEgZ_3G_tJzYw,Daesper,590,I,297,270,False,False,False
570,ZyhIzgNPoxhqz86q0JBupRUXfIJ7-uLgtcEgnMesieVJfizX,1998 12 31,480,I,87,84,False,False,True
571,e7OfUKTwAnr9LWzT2-g_69euiNvfiNTmD-EwrkXHBntHJGM,C9 Avril,563,I,734,714,False,False,True
572,uykUtapSG9EekXwIvFDpIEyczk9ueC6RjKNKwLxoorn9fao,Lojaz,607,I,160,127,False,False,False
573,wsYIT0nxgFrvLtApqT1yqG0Ca59yMdbGjZjgzyDkCUvfC84,Trieuloo,609,I,660,645,False,False,True
574,j5Gz1rWUWvGOTnW8Q1AidOuBQMwyrl-wDFUPkJ5TIvypnNU,Finkypop,486,I,334,292,False,False,True
575,QpWfvny37Nigb6IRGqhHhBLZi46_LN0luqlDMnNuv0pK3YY,big slimy okra,591,I,114,88,False,False,False
576,nA4DKbYdTyKMgZ6OsgvzIVU0TPhZDN8fIO7ZFQezup4DnEDX,bielaifanwo,605,I,145,140,False,False,False
577,bMf7rGQqaVqEcnxtA4akrC_sJ1SpeQpQupiostd0W2OzxC0,Taco,597,I,92,64,False,False,False
578,50ERco9PW0kJ4fgw3VbwL4czOwI5Rm-qZoyWqph273FcbxI_aLWMK7Eqng,Kotaro123,548,I,120,86,False,False,False
579,Vuu7F3bVaiZGG8CdVLjqALG1bPCRqS-JJoV0u4ATdmX1dqE,ćam,740,I,495,469,False,False,True
580,uI0A55gLnb3h6F6RVrIq4iATFrBzGuPg84RLQRvQ2ijmM7zf,IM IN PAIN HELP,679,I,997,964,False,False,True
581,129lVqJ-L9TkU4IcXQ5-hUdgqOD9eWMaohipW0JslkdKUw4X,TwitterManiac1v9,498,I,325,263,False,False,True
582,wKPQY6uZ4i0x4XM6WAYexEvM_UFLkWflwjT-VEpGobwwSZo,wickJKR,483,I,281,256,False,False,True
583,9P5S_J8OZH4EuXJQo1YOavrNI3HnFwVpj5_oZL3dTLPRDoY,destiny9,707,I,207,182,False,False,False
584,eIF3N5DLoY71_v_dlV349LVmophbDVmPmZSgd2Xtxjv6vcQ,Lil Ocean,744,I,180,147,False,False,False
585,fRCdRhYKGO3WCqKmriZOHsYM8vvJQabGFXFmLjxP5hx_2qw,A1C Masterby,834,I,211,169,False,False,True
586,z0a-4FfR_c4f1j6EwNM-MAAsdtQ57PYcCzUEKNxjSDhcPlWh9AKWQqjKFA,Sisyphus9,522,I,394,372,False,False,True
587,Q5lJWRYCn-6dY7i4CC-oKCQvEdLG9hPeUMT7JRKWHGvBks0,Detention,482,I,299,288,False,False,True
588,1jqvuEez5XA2jeRRDpusC-8Vnt6A1Ik6pVLsEJmtQj0YdzU,Duude,759,I,272,229,False,False,False
589,5GC9Qxiy4UIWEfLWnvw_6DTxQSCjFORkAZIxmL3j_H8_EDc,ßonsoir,632,I,208,176,False,False,False
590,Vf3Fn54figm9d1ne9D78jwPx15MHsjJFcLl-DiLel-rALog,Rhaastafarian,520,I,583,566,False,False,False
591,KzUF5BR_8mC7d1nIf_dsT0O2eCcs7zw01E_gqgQUWGVTcPYv,DPM,745,I,245,225,True,False,False
592,3N4wYcnRY6moD98YzoHptDpQyC_1os0Jwa_-FMBGMP-6W18,Gyshy,498,I,512,491,False,False,False
593,iZuL2e8xxQkN3I-yhjKX_rztH1ouafCs_VXg8-g-Fv96yRg,Røøse,522,I,277,230,False,False,False
594,KGaKBnEoU8uYrzkZ8TmsRc5MBxTRPw50OReP8sZ9_NknuOg,hoidro,729,I,277,257,False,False,False
595,K-ksygCZVDGL2xfFd1hgJUSAIi26J8PUa9vBHfqYAqlYBSU,Bellow,632,I,260,247,True,False,False
596,apMYycHdFksvZPM44bcoIuXRvf9LjbhsF0CctoqIErNQXms,Loracia,591,I,109,85,False,False,False
597,Mss89SXxInyh7j_1c3dF9XsJx7QG0O73V0RfTEyd-I77uRcjKINf8DbzLg,Paradise Valley,739,I,309,254,False,False,False
598,D72B8ScW36Cem2o4mQlacAzZc9lUjtEup7x7_juzXjorpdo,Dime,494,I,1474,1447,False,False,True
599,SpHhgrHxQtcJ6Ccscagp89TBPMn0yWrMH3HNatcMdXx9ORw,Mimage,484,I,462,452,False,False,True
600,0S0FDBxfWcJoz1kkmPSUJEhfzf48piFmHtuKF6gSOwbLpwJYIbqCYmKyEw,FLY Johnsun,800,I,300,245,False,False,False
601,tzno0BVZfBS0mXWL-IMahXXDoCRY4FwdVmcML5SfJNaCwQU,Healys,775,I,176,142,False,False,False
602,nbmmPfbwDbXEylkk_oq0Lak9-wALVe9UIE-hDsHjGp6vC20,Shaco,761,I,212,176,False,False,False
603,4ikIi7tNHCBb9kJzKQZOmNmnMHtEwtr7p1uxprLT-337CR0,KuddlyKraken,541,I,381,345,True,False,False
604,8yZnyjaCVZyuoYSEbzQ0pfLdIkJBDTV_xnGZKnAJGiiquAg,Kailhua,573,I,217,194,False,False,False
605,3XdZBreO9NmA69BMa5aOlL_fed_fgh7jBY72s5-ES6kxYYIx_xLT9oq59A,LMFAOOOOOOOOOOO,519,I,456,444,False,False,True
606,2v7Xccd6Qu9VF7R4Oi5-dkdPvwty_IMINhYkq5t9k-LwRtRZ,JIMKROGER35,483,I,202,152,False,False,False
607,rRdHJpr4dkWm8u8vP1PyUslrMpShgrwoBF0cmE0z_vOJlms,MEECHOL,820,I,192,154,False,False,True
608,YbAXNSX9DWVNcLhTNkdxuPd7nDGUqQbQcOEnzXsKQ2IAIQU,Guifei,619,I,427,385,True,False,False
609,uXbOmLQjQzWQSebyXJEbIhGM0TfKsVZItvWicogxzhGWPAI,RoughBeanz,557,I,165,143,True,False,False
610,F85HxjV_bXAsLgnLKz8NY0Yq7TzUhQsTNTImZXl2n2c9q-Y,Leancuisine13,837,I,656,620,False,False,True
611,vZ8jkjnUOtwEf5nSHyAqtj9eASfHOk_wYvzF-O4-HltVlDY,Rosesrmine,586,I,146,101,False,False,False
612,rm7kkj7q4A1NQ1upYBov-sDQmrKnVmuirXX51zhstXXN-MC4,elise scales,797,I,537,505,False,False,False
613,iqRuoYN1ss2EGCUx_SB6LHZXta4JGw82n6aeKk4TFAF_F2Y,Jouzef,583,I,80,58,False,False,False
614,z-gPuBHuokQTmAxE8tJe-HTVWdpEB1zABYMcUORAekb-ReLyCYEYC5r_Uw,Phoinix,820,I,171,139,False,False,False
615,IYWnc6vE01GFui_UR7CwQX4R7juw4cb5Qv3B54gEwWOU2UZNVEKaDk3rJg,IIIlIIIIIlIlIIll,578,I,115,82,False,False,True
616,AWZs757rpFgqlm4RhS7j-tvC-ee9k-I57ESbAZzoEVAgRdI,Hello google,552,I,177,156,False,False,False
617,5LKWRfrRctv2qtJq4WDR_yI6quadsCa8O2Zc9TpeWs10jRs,YeYezhou,513,I,206,183,False,False,False
618,zVdVIY2gVpFWWh_AQz4wVMFgxDANTFeUoAB0-CsuUNHejI8,A bag of Salt,481,I,109,100,False,False,True
619,rUVto-345_ZwwBlz4WfQpZGxJxysEKWkzc-TdNujRTzGCz9XuKL9EUOdqg,Adarladorri,859,I,154,87,False,False,True
620,SxDYulAPOTbfw6HHfSrTMex-LRYArj14rrW2DWzrDHGCi4k,Blueyoshi6,629,I,811,784,False,False,False
621,_38jDuxvbS8bmV0ONVWUCXK2UkH6yWm-4vk4vzPQarz8228,coldcoldcoldcold,588,I,420,401,True,False,False
622,Qypviq5tUFX-ej8FyoICvYsF2dnvk1z43iCsPJWIZ7VP_AU,The Guy Ga Kill,634,I,206,169,False,False,False
623,UttoBQ8ca0ylVT5kUnQvzut90cYH0-EvKI90SriOZnyLOgnmDPbJKh9qlQ,Cafarelli,522,I,97,60,False,False,True
624,EMIL3sbramN2vinqDnqVWc45HpnmDDrWaj4cZmVN-PCgDmq1iRgBCzao2g,COOKIEMONSTER123,513,I,909,870,True,False,False
625,fU3RS--XSPkCrf_NhYk_XwFUJ8rzIC8dNb-7TAsrQ52pBJEu,J4NNA,542,I,190,168,False,False,True
626,ufcD-5AvPZIhfBECATnJW4OFLXJ4XAnseBiG0Z7kJHQ3znU,100 Fanatiik,704,I,129,97,False,False,False
627,2paMy6GqhCT3UxRtt7U_2L2m9xWyuij0fZCTEMtLv1TZzgg,Luciferium,620,I,503,452,False,False,False
628,0_BjRw5r8Jg99fFXlHeWJXliXD-6tGUNixygjkBH4XSpmqs,Zev,672,I,258,233,True,False,False
629,h8-p2-YLs0qdzGjwHWkGH95eoUyFuuROFvmuZ17PN4wM6lQ,Jokou,451,I,271,254,False,False,True
630,szfVKa-vZmx1soVzdXQbI9Z0vUqr0zKDYr3ZsouYpVoz_wg,Jukesain,493,I,296,275,False,False,True
631,0Us_7gdD8Nj_U8DwKDYQ_nBAShjp5SFIKRk7IMI8WxzX0CM,Mabud,709,I,197,166,False,False,False
632,IU1TQLXwq1_IpXGna2eT8mTqfhhA7B08I2rEwivlckhGCsI,TTV LegitKorea,573,I,238,225,False,False,False
633,80Ay8Y2iaoXxXFath8wdjym52J1-UL-BuGnv1vmVuJC_G0c,Mańgo,479,I,89,70,False,False,True
634,l5OSYUtXA-6sjHfYiI0T4NkOTs2tjClEfuqNNkclSwIL3Nts,Inumerable,763,I,816,780,False,False,True
635,XJ05RJ5SDuNN7SuL4Vb_NORbTiU6vJ4g6ebRr3e4XA9jK50,TimJG,700,I,324,290,True,False,False
636,nMzVN_9iaTvZp_vkg_7QCuRIOFGHF104ObW_D57cFQYZ8bg,Cpryus,622,I,326,300,False,False,False
637,y-DjE90oGAMnJm09OpKA8OS40tMYS2F0kolR7RzTm-Qicto,insung,565,I,454,414,False,False,False
638,IL1KlzLemrqh-ZIMaAxKQdc3WeXtWXbc5iIvWfQAL2lcSwY,Nvhai,798,I,345,300,True,False,False
639,eSZQx51FiFXUy7pioTTCxKuFHYf-BEkgtSZC1QoIgKPJxyM,NanChangGodE,722,I,406,370,True,False,False
640,8DJB2jbJyvlySYEp9zc_OrqcZjPuaVHjgTTDig29WZ4OM7Y,aristootle,816,I,220,176,False,False,True
641,0TCLbn7thAsELx9jT6-fndJNfLDDZpKiB6ToZZLr08A2asyn,Eating777,487,I,285,263,False,False,False
642,hC2ozBFMvCPAGVTwaKuv5h7BRoZUpj_F1DXU3VzpIgBveiA,neeko sex king,693,I,168,146,True,False,False
643,2Ar-KyhKCqgyiIBDPXtE2baffrZj9rtCG9CuDJE6xYtruqU,Cowfan,510,I,173,146,False,False,False
644,hw5sM3m-Kr96ZMsw4b0YzM5PS5BSRhLtVFI3CWPiD43Rjfg,wozaidiwuceng1,529,I,193,131,False,False,False
645,1VsE8F6nmgJdCRq_brPV42po3UKiA2Pbbyxh61vbUyy-m8k,My Idol Jennie K,773,I,317,291,False,False,False
646,s1wkgsWGMD8-OdUYBUyGkQbS_Bmm58OYaGmlMHclvd2iQw0,twtv lolvietcong,594,I,191,157,True,False,False
647,RRFXcI2E7s-atYl54-55_uQhXIAia9sBlFzivdEJ_7JEC2o,Meøø,604,I,335,296,False,False,True
648,qx3C7AzIPcem2drhPNC1NYlshXbgrrYuxl-Ql21hONX_O-A,Fragas,571,I,262,237,True,False,False
649,yAvDItfe8CMDYAbVeyYAV4RKlQPujXIuRvUFfI_yLpsj820,Dackie,746,I,421,387,False,False,False
650,Gt4LP7JUOj9tA-kjoLsSTOi_tA2uI3oTZVn8XXeuHqbiJ14,IN0RI,832,I,392,359,False,False,False
651,MwMalUa_nRM0MB33gp1unZCXob7lSoLbI8-O9T_qlZpvhtQ,Dandelion Yi,533,I,475,459,False,False,False
652,ewTbSTYHqUACYve-f-p5yG_9pMC9269s6pPywBp4rnaua8Y,BL00D rush,550,I,248,216,False,False,False
653,4v38t0TOs4g_AUiaAf4u8xnGcYsFQCEMkLcBbxsdX50D6CyjFtyascLBmA,play for lane,757,I,172,143,False,False,False
654,lM5ZuOwqYCrwxCdjyTE6saXuwYDW14jQqEnMIRodAdr4JwsaVau0PSIeMw,Pommet,603,I,193,172,True,False,False
655,Lyy6xsihO-_rRyaLeLaRT60cTWD9nCBeqO3CL757xMtFYCw,ttv Bupropion XL,493,I,290,280,False,False,True
656,huMr7BCLSARTIQ7MIggwMF4jZvP0i2Yu7jZroXzawnD2-fc,RivenREDEEMED123,581,I,174,123,False,False,False
657,_7Fryq6utQPF2gfcTptuc-AZsJ8vfhoN4wEgLXkUxIVaF7g,Rahman Noodles,660,I,367,340,True,False,False
658,N0wJABWbGvn7yq1kbYJaLkAGlI0stFHTDTISRa3RWFbnweE,Nimdle,724,I,219,189,False,False,False
659,49-ZXPmnuG2m3EaFCJ8ogmAhN3nVxrRsnOkKv1tY4mE-g0I,LowKeySavagé,571,I,207,191,False,False,False
660,dhlIDbgGqbqnxxF6YrGwPj1-Wy9NlteFysgsQjhu0lB7Jw0,Memorìes,578,I,242,219,True,False,False
661,HFem9zuWUJFwWKUvPn2rGpj_Vcjb1PDG_1Uel1SrqeK3lzScJSSXLB8GZw,Pomerzz Dongerzz,550,I,545,527,False,False,True
662,fewpqbNXztdy4bXTQ_hrl4x5iFncaoSk5jzl2KvbL4kkK4Xk,ff pIz,718,I,104,91,False,False,False
663,ydA3mzssdzxM_BuRZc6lGaCl6JsBSE1FlurCicoi3aFSQSM,Cytheur,709,I,764,737,False,False,True
664,81PpPi4UiJyw_3VZfR4kCsYApcpDVwL0BrhQlISFvmm9x4jyBQjp2vU6kg,Łove Ÿj,550,I,187,158,False,False,False
665,NMN9m1CNlHRr5bhQE36mwocuzmg7170FQdzkoe0c4M0sius,L Bae,675,I,139,110,True,False,False
666,-9RKrgE5sGAsIOsTBVPjsM_Auf9fo1wEZhDfDIh6cJgRN0E,buster131,775,I,323,287,True,False,False
667,JHsDidiJm-lRMB0Sqoohp9zNL6QJGwj0bW5uReVkon2L_gE,VaI Lover,720,I,218,190,False,False,False
668,c6fLS9-V0OIihMH2KwvbtWOkKgZoUY-AzazCDShVnd-Bn1g,atmost,504,I,456,438,False,False,False
669,HNhWeWU4QJ34jckIRpK4JSKUHEHydvk1WxRoww93QBq63W8,Zìkz,645,I,128,101,False,False,True
670,6ZOEIO5V4fciNSNA82dPo7oo2dePGfQDZkBOa2ekmwd67KA,Quan Ti Ql Li,572,I,270,250,True,False,False
671,LvBNO8u2QPOdAWx7mQu0jfk2J95qM1R4te_LdAI53QiKxdQ,Decøy,622,I,698,683,False,False,False
672,v4OOjJTAWRljtO827crLuQYGBdniyQ472mNKjZDTZNhF6ik,UCI duong pro,635,I,226,196,False,False,False
673,zkygnlt8IBkkJhpqsesSHuScyjOOBpo7URAlHskPIhG8U_zn,400 DEMONS,610,I,82,66,False,False,False
674,d7siCsDz9zF0-YVlBHIOXVDjkw0dDPZIvpFFTEyugn6czxC569AACBuE-Q,Ã Ã,825,I,102,78,False,False,False
675,TjckcikyQLJtspHPszbKkl4bc7rlkdfOSWQ-6yzBFRKlncg,Minishcap1,673,I,142,120,False,False,False
676,pCcyJSyfWhSRz0nQW6h4zIn0886QgLn_7dk9mlrV6xyJ10Q,Strompest,596,I,308,296,False,False,True
677,HlqbZt19dyLa1Ytr6YWdoFQ3wzvHia4q7_gRkhuEJxpUttQ,cold brew love,580,I,430,398,False,False,False
678,s_7RLwazNDW9lvWr1VD9hOH6AbqpwbuptjBcnhUyJdpfW7M,Felfire,665,I,120,95,False,False,False
679,sgxCfuKpG__Cwrrfp3lqXliZKGz6lEysQT91zlX4aFP-XNs,DeductedCarlos,492,I,177,154,False,False,True
680,S3hUBt3EZ2nkEaBrYdKUtNJoPxPAXhnk350aDp4Xay_cy-g,roguebunny0,628,I,554,531,True,False,False
681,yEGO-E9CK7TWuXz7b_5GYN9f3Nn2lXckKqq9ZnalXYmoi79AWK8sDnONug,Najib Waheed,812,I,104,71,False,False,False
682,bF4_RwOTON2I5c96SFKmpIr9O5vI93egwiXmC1_6yqDp_VA,xXpAnDaTuRbO45xX,518,I,309,302,True,False,False
683,MSP5NQ5jBGty0HPb8VoltBVw_Bd6hpybnShTm297KdIfsXQ,Dual,680,I,614,587,True,False,False
684,_fw6z9_TGAyaztjHFDOPVuyRoaZIw2bPOJHlCEljka9o7W4,YoungestLe,507,I,306,285,False,False,False
685,yoDsIHGbTjQSPx-BLh5CVc3vLuCl5ml0iQOq-Nftn0pO1Gs,benadams202,548,I,100,71,False,False,False
686,YqNA266l4WjYda3sK8gYGOJDC62Ozj53ZgUDWktMzjJFaWc,Pockus,818,I,457,434,False,False,True
687,m5_cc0TJbhDUP4miBQFrzTQ3pbHqt87W_QAy-xEk9C6Xh-DM,Asparagus27,482,I,292,248,True,False,False
